"Date","Price","Open","High","Low","Vol.","Change %"
"06/18/2023","71.05","71.65","72.35","69.78","","-1.22%"
"06/11/2023","71.93","70.42","72.03","66.96","1.25M","2.27%"
"06/04/2023","70.33","75.10","75.70","69.21","773.32K","-2.10%"
"05/28/2023","71.84","73.22","73.62","67.21","521.05K","-1.26%"
"05/21/2023","72.76","71.87","74.65","70.67","710.46K","1.49%"
"05/14/2023","71.69","70.02","73.58","69.39","1.08M","2.39%"
"05/07/2023","70.02","71.27","73.81","69.93","721.05K","-1.75%"
"04/30/2023","71.27","76.47","76.49","63.90","679.96K","-6.97%"
"04/23/2023","76.61","77.82","79.00","73.80","654.21K","-1.42%"
"04/16/2023","77.71","82.42","82.62","76.49","1.36M","-5.73%"
"04/09/2023","82.43","80.50","83.38","79.40","861.07K","2.17%"
"04/02/2023","80.68","80.60","81.81","79.04","649.54K","6.44%"
"03/26/2023","75.80","69.75","75.83","69.27","622.58K","9.21%"
"03/19/2023","69.41","66.90","71.79","64.36","1.30M","3.71%"
"03/12/2023","66.93","76.77","77.56","65.38","1.47M","-12.83%"
"03/05/2023","76.78","80.04","81.04","74.92","670.07K","-3.77%"
"02/26/2023","79.79","76.61","80.00","75.14","433.62K","4.34%"
"02/19/2023","76.47","76.64","77.74","74.05","701.67K","-0.10%"
"02/12/2023","76.55","80.05","80.78","75.32","1.05M","-4.22%"
"02/05/2023","79.92","73.64","80.50","72.64","747.47K","8.38%"
"01/29/2023","73.74","80.12","80.78","73.47","525.01K","-7.78%"
"01/22/2023","79.96","82.12","82.89","79.32","520.48K","-2.06%"
"01/15/2023","81.64","80.34","82.66","78.45","1.22M","1.91%"
"01/08/2023","80.11","73.87","80.37","73.79","876.38K","8.20%"
"01/01/2023","74.04","80.66","81.62","72.74","497.28K","-7.97%"
"12/25/2022","80.45","79.99","81.21","76.94","256.50K","1.02%"
"12/18/2022","79.64","74.62","80.19","74.03","719.61K","6.96%"
"12/11/2022","74.46","72.02","77.83","70.48","985.59K","4.56%"
"12/04/2022","71.21","80.03","82.75","70.31","766.21K","-11.04%"
"11/27/2022","80.05","76.19","83.27","73.77","544.64K","4.74%"
"11/20/2022","76.43","80.26","82.03","75.27","740.21K","-4.59%"
"11/13/2022","80.11","88.24","89.03","77.59","1.49M","-9.13%"
"11/06/2022","88.16","90.50","92.53","83.90","821.80K","-3.60%"
"10/30/2022","91.45","87.06","91.67","84.16","435.35K","5.59%"
"10/23/2022","86.61","84.05","88.45","81.61","405.44K","3.17%"
"10/16/2022","83.95","84.63","87.14","81.30","1.32M","-0.83%"
"10/09/2022","84.65","92.23","92.34","84.22","901.73K","-7.33%"
"10/02/2022","91.35","80.29","92.00","80.19","802.78K","16.04%"
"09/25/2022","78.72","78.75","81.99","75.70","609.15K","0.60%"
"09/18/2022","78.25","84.81","86.12","77.64","951.16K","-7.68%"
"09/11/2022","84.76","85.84","89.63","83.86","938.71K","-1.85%"
"09/04/2022","86.36","86.49","89.99","80.89","498.44K","-0.14%"
"08/28/2022","86.48","92.28","96.82","85.62","471.84K","-6.40%"
"08/21/2022","92.39","89.63","95.30","86.28","719.57K","2.16%"
"08/14/2022","90.44","91.30","91.69","85.37","1.02M","-1.12%"
"08/07/2022","91.46","87.52","94.17","86.33","713.45K","3.84%"
"07/31/2022","88.08","96.44","96.68","86.06","661.56K","-8.96%"
"07/24/2022","96.75","92.83","99.75","90.79","499.94K","4.67%"
"07/17/2022","92.43","94.34","100.99","91.77","1.15M","-2.26%"
"07/10/2022","94.57","101.33","102.00","88.23","965.67K","-6.86%"
"07/03/2022","101.53","105.60","108.28","92.18","634.98K","-3.66%"
"06/26/2022","105.39","104.37","111.14","101.94","554.71K","0.90%"
"06/19/2022","104.45","108.75","111.16","99.66","805.17K","-3.28%"
"06/12/2022","107.99","117.71","120.88","106.40","1.27M","-8.58%"
"06/05/2022","118.12","118.17","120.75","115.04","606.27K","1.63%"
"05/29/2022","116.23","112.10","117.77","108.94","393.91K","3.56%"
"05/22/2022","112.23","107.34","112.42","105.94","328.59K","1.77%"
"05/15/2022","110.28","109.00","113.20","103.24","1.25M","1.52%"
"05/08/2022","108.63","108.97","109.00","96.93","798.51K","0.28%"
"05/01/2022","108.33","102.15","109.77","98.87","495.75K","5.24%"
"04/24/2022","102.94","100.38","105.99","94.47","468.04K","1.87%"
"04/17/2022","101.05","106.46","109.20","99.88","976.46K","-5.01%"
"04/10/2022","106.38","97.84","107.00","92.60","671.33K","8.85%"
"04/03/2022","97.73","97.68","104.07","93.21","694.95K","-0.17%"
"03/27/2022","97.90","110.22","110.22","96.22","646.92K","-11.85%"
"03/20/2022","111.06","103.62","113.51","102.47","927.97K","7.73%"
"03/13/2022","103.09","106.64","106.65","92.20","960.27K","-3.02%"
"03/06/2022","106.30","116.03","126.42","99.55","1.02M","-5.18%"
"02/27/2022","112.11","92.97","112.65","92.42","1.04M","24.72%"
"02/20/2022","89.89","91.32","98.44","88.49","1.39M","-0.35%"
"02/13/2022","90.21","92.06","93.83","87.46","1.83M","-1.32%"
"02/06/2022","91.42","89.88","92.74","87.07","1.26M","1.21%"
"01/30/2022","90.33","85.92","90.98","84.92","882.54K","5.74%"
"01/23/2022","85.43","83.84","87.36","81.06","852.15K","1.53%"
"01/16/2022","84.14","83.77","87.10","81.96","1.70M","1.01%"
"01/09/2022","83.30","78.51","83.79","77.34","1.40M","6.20%"
"01/02/2022","78.44","75.53","79.82","74.01","939.92K","4.75%"
"12/26/2021","74.88","73.00","77.06","72.22","345.76K","1.99%"
"12/19/2021","73.42","69.88","73.60","66.12","781.61K","3.82%"
"12/12/2021","70.72","71.84","72.82","69.21","1.26M","-1.06%"
"12/05/2021","71.48","66.85","73.13","66.62","777.91K","8.14%"
"11/28/2021","66.10","68.93","72.48","62.26","843.65K","-2.56%"
"11/21/2021","67.84","75.07","78.59","67.14","607.29K","-10.67%"
"11/14/2021","75.94","79.59","80.68","75.09","1.95M","-4.71%"
"11/07/2021","79.69","80.00","83.30","78.67","1.05M","-0.55%"
"10/31/2021","80.13","81.58","83.07","77.23","920.72K","-2.02%"
"10/24/2021","81.78","82.64","83.83","79.37","898.01K","-0.87%"
"10/17/2021","82.50","82.00","83.65","79.79","1.91M","0.94%"
"10/10/2021","81.73","79.01","82.00","78.78","1.70M","3.77%"
"10/03/2021","78.76","75.63","79.62","74.67","1.37M","4.21%"
"09/26/2021","75.58","73.83","76.26","72.82","963.09K","2.68%"
"09/19/2021","73.61","71.81","73.86","69.39","1.26M","2.49%"
"09/12/2021","71.82","69.35","72.87","69.26","1.23M","3.38%"
"09/05/2021","69.47","68.90","69.71","67.35","763.98K","0.58%"
"08/29/2021","69.07","68.94","70.31","66.92","583.11K","0.86%"
"08/22/2021","68.48","61.75","68.69","61.50","514.80K","10.20%"
"08/15/2021","62.14","67.63","68.03","61.82","1.68M","-8.90%"
"08/08/2021","68.21","67.62","69.39","65.00","987.84K","0.16%"
"08/01/2021","68.10","73.11","73.19","67.22","977.75K","-7.01%"
"07/25/2021","73.23","71.46","73.52","69.90","525.39K","2.59%"
"07/18/2021","71.38","71.09","71.48","65.01","1.65M","-0.25%"
"07/11/2021","71.56","73.92","74.90","70.16","1.57M","-3.05%"
"07/04/2021","73.81","74.43","76.07","70.10","910.69K","-0.74%"
"06/27/2021","74.36","73.27","75.23","71.28","817.79K","1.40%"
"06/20/2021","73.33","71.15","73.47","70.78","1.54M","2.86%"
"06/13/2021","71.29","70.36","72.74","69.54","1.40M","0.98%"
"06/06/2021","70.60","69.25","70.86","68.29","1.09M","1.74%"
"05/30/2021","69.39","66.45","69.51","66.19","506.34K","4.98%"
"05/23/2021","66.10","63.61","67.28","63.45","806.69K","4.32%"
"05/16/2021","63.36","65.44","67.02","61.36","2.04M","-3.06%"
"05/09/2021","65.36","65.25","66.63","63.12","1.14M","0.74%"
"05/02/2021","64.88","63.48","66.67","62.82","708.72K","2.21%"
"04/25/2021","63.48","62.03","65.32","60.56","621.21K","2.35%"
"04/18/2021","62.02","63.01","64.38","60.55","1.08M","-1.85%"
"04/11/2021","63.19","59.43","63.94","58.77","1.23M","6.47%"
"04/04/2021","59.35","61.48","61.48","57.68","1.01M","-3.46%"
"03/28/2021","61.48","60.94","62.22","58.88","645.75K","0.85%"
"03/21/2021","60.96","61.60","62.04","57.29","1.29M","-0.78%"
"03/14/2021","61.44","65.56","66.44","58.28","2.16M","-6.40%"
"03/07/2021","65.64","66.50","67.79","63.10","1.08M","-0.42%"
"02/28/2021","65.92","61.42","66.23","59.08","945.67K","7.66%"
"02/21/2021","61.23","58.93","63.56","58.82","1.11M","3.32%"
"02/14/2021","59.26","59.83","62.29","58.60","2.02M","-0.20%"
"02/07/2021","59.38","56.95","59.72","56.86","1.04M","4.73%"
"01/31/2021","56.70","51.90","57.11","51.53","801.02K","8.87%"
"01/24/2021","52.08","52.08","53.43","51.75","531.30K","-0.21%"
"01/17/2021","52.19","52.00","53.83","51.38","1.18M","-0.44%"
"01/10/2021","52.42","52.55","53.94","51.51","1.43M","0.31%"
"01/03/2021","52.26","48.49","52.74","47.31","1.14M","7.46%"
"12/27/2020","48.63","48.39","49.07","47.63","253.01K","0.58%"
"12/20/2020","48.35","49.26","49.31","46.25","651.25K","-1.81%"
"12/13/2020","49.24","46.92","49.43","45.88","1.19M","5.33%"
"12/06/2020","46.75","46.24","47.88","45.14","783.07K","0.71%"
"11/29/2020","46.42","45.57","46.80","44.10","542.83K","1.49%"
"11/22/2020","45.74","42.64","46.44","42.52","446.27K","7.83%"
"11/15/2020","42.42","40.44","42.68","40.40","1.39M","5.00%"
"11/08/2020","40.40","37.64","43.33","37.52","1.09M","7.76%"
"11/01/2020","37.49","35.50","39.67","34.04","763.90K","3.71%"
"10/25/2020","36.15","39.98","40.13","35.28","670.27K","-9.96%"
"10/18/2020","40.15","40.92","41.90","39.88","932.30K","-2.36%"
"10/11/2020","41.12","40.72","41.57","39.36","1.24M","0.51%"
"10/04/2020","40.91","37.34","41.74","37.32","1.03M","9.56%"
"09/27/2020","37.34","40.24","41.06","36.93","703.24K","-7.83%"
"09/20/2020","40.51","41.19","41.49","38.87","938.12K","-1.96%"
"09/13/2020","41.32","37.60","41.72","37.12","1.23M","9.75%"
"09/06/2020","37.65","39.86","39.96","36.58","790.23K","-6.23%"
"08/30/2020","40.15","43.30","43.89","39.75","538.33K","-7.25%"
"08/23/2020","43.29","42.72","44.05","42.51","470.47K","1.57%"
"08/16/2020","42.62","42.45","43.29","41.63","1.25M","0.73%"
"08/09/2020","42.31","41.63","43.17","41.43","861.08K","1.98%"
"08/02/2020","41.49","40.70","43.68","39.89","795.24K","2.27%"
"07/26/2020","40.57","41.45","42.12","39.00","568.72K","-2.12%"
"07/19/2020","41.45","40.77","42.51","39.97","1.00M","1.72%"
"07/12/2020","40.75","40.57","41.46","39.31","1.17M","-0.02%"
"07/05/2020","40.76","40.43","41.19","38.77","750.65K","0.00%"
"06/28/2020","40.76","38.12","40.84","37.69","732.14K","5.46%"
"06/21/2020","38.65","39.02","41.74","37.32","848.16K","-2.96%"
"06/14/2020","39.83","36.26","40.60","34.66","1.69M","9.09%"
"06/07/2020","36.51","39.67","40.69","34.74","863.84K","-8.27%"
"05/31/2020","39.80","35.62","39.89","34.65","674.76K","11.05%"
"05/24/2020","35.84","33.77","36.11","31.63","569.15K","6.51%"
"05/17/2020","33.65","29.81","35.05","29.55","1.39M","13.99%"
"05/10/2020","29.52","25.91","29.82","24.79","2.20M","12.80%"
"05/03/2020","26.17","21.87","27.98","20.84","1.98M","17.41%"
"04/26/2020","22.29","21.13","23.40","17.27","2.13M","5.04%"
"04/19/2020","21.22","24.76","24.92","6.50","4.85M","-15.22%"
"04/12/2020","25.03","30.30","30.57","24.57","2.36M","-13.15%"
"04/05/2020","28.82","29.20","33.15","28.13","1.36M","-6.73%"
"03/29/2020","30.90","24.68","31.62","23.31","1.53M","22.86%"
"03/22/2020","25.15","24.40","27.59","22.74","991.70K","11.14%"
"03/15/2020","22.63","32.69","33.80","20.52","4.29M","-29.52%"
"03/08/2020","32.11","32.87","36.70","27.83","2.27M","-22.65%"
"03/01/2020","41.51","43.93","48.82","41.29","1.11M","-7.63%"
"02/23/2020","44.94","52.79","52.79","44.07","888.24K","-16.00%"
"02/16/2020","53.50","52.49","54.66","51.15","2.20M","2.26%"
"02/09/2020","52.32","50.34","52.56","49.63","1.34M","3.50%"
"02/02/2020","50.55","51.15","52.34","49.50","907.55K","-2.19%"
"01/26/2020","51.68","53.57","54.39","51.09","614.18K","-4.65%"
"01/19/2020","54.20","59.35","59.77","53.88","1.01M","-7.48%"
"01/12/2020","58.58","59.08","59.21","57.42","1.67M","-0.70%"
"01/05/2020","58.99","63.43","65.40","58.55","1.31M","-6.10%"
"12/29/2019","62.82","61.49","63.80","60.42","517.88K","2.10%"
"12/22/2019","61.53","60.19","61.76","59.95","227.72K","2.12%"
"12/15/2019","60.25","59.83","61.40","59.62","1.83M","0.45%"
"12/08/2019","59.98","59.03","60.39","58.02","1.01M","1.49%"
"12/01/2019","59.10","55.45","59.74","55.32","787.58K","7.18%"
"11/24/2019","55.14","57.83","58.60","55.01","355.53K","-4.37%"
"11/17/2019","57.66","57.97","58.56","54.85","1.86M","-0.29%"
"11/10/2019","57.83","57.38","58.09","56.27","1.11M","1.00%"
"11/03/2019","57.26","56.47","57.87","55.77","822.93K","1.76%"
"10/27/2019","56.27","56.70","56.99","53.84","724.71K","-0.78%"
"10/20/2019","56.71","53.83","56.79","52.85","1.30M","5.27%"
"10/13/2019","53.87","54.97","54.99","52.46","1.45M","-1.66%"
"10/06/2019","54.78","52.59","54.99","51.40","1.19M","3.87%"
"09/29/2019","52.74","56.39","56.40","50.89","772.65K","-5.47%"
"09/22/2019","55.79","58.98","59.11","54.64","670.36K","-3.96%"
"09/15/2019","58.09","60.16","63.89","57.58","3.41M","6.00%"
"09/08/2019","54.80","56.68","58.64","53.93","1.00M","-2.89%"
"09/01/2019","56.43","54.76","57.59","52.71","536.37K","2.81%"
"08/25/2019","54.89","53.16","56.62","52.84","592.43K","1.61%"
"08/18/2019","54.02","54.95","56.85","53.12","1.63M","-1.44%"
"08/11/2019","54.81","54.22","57.40","53.46","1.67M","0.81%"
"08/04/2019","54.37","55.36","55.51","50.50","1.29M","-2.34%"
"07/28/2019","55.67","56.31","58.86","53.67","638.93K","-1.17%"
"07/21/2019","56.33","56.20","57.74","55.45","979.64K","1.02%"
"07/14/2019","55.76","60.36","60.99","54.85","2.38M","-7.53%"
"07/07/2019","60.30","57.89","61.02","57.40","848.93K","4.71%"
"06/30/2019","57.59","59.14","60.32","56.13","487.98K","-1.59%"
"06/23/2019","58.52","57.80","59.95","56.82","502.83K","1.77%"
"06/16/2019","57.50","52.71","58.04","51.72","2.48M","8.96%"
"06/09/2019","52.77","54.40","54.99","50.98","967.47K","-2.57%"
"06/02/2019","54.16","53.54","54.73","50.79","695.36K","0.97%"
"05/26/2019","53.64","59.01","59.80","53.19","880.93K","-8.64%"
"05/19/2019","58.71","63.09","63.96","57.42","1.67M","-6.69%"
"05/12/2019","62.92","61.80","63.82","60.81","1.49M","1.81%"
"05/05/2019","61.80","61.54","63.05","60.10","760.96K","-0.39%"
"04/28/2019","62.04","62.98","64.81","61.06","561.85K","-2.11%"
"04/21/2019","63.38","64.07","66.44","62.36","1.28M","-1.08%"
"04/14/2019","64.07","63.90","64.72","63.15","1.46M","0.08%"
"04/07/2019","64.02","63.37","64.71","63.18","1.41M","1.38%"
"03/31/2019","63.15","60.36","63.38","60.36","1.08M","4.76%"
"03/24/2019","60.28","59.24","60.87","58.41","754.34K","1.67%"
"03/17/2019","59.29","58.75","60.61","58.37","2.16M","0.80%"
"03/10/2019","58.82","56.43","59.25","56.32","1.13M","4.24%"
"03/03/2019","56.43","56.15","57.56","54.87","763.55K","0.43%"
"02/24/2019","56.19","57.62","58.26","55.47","489.15K","-2.70%"
"02/17/2019","57.75","56.15","58.28","55.66","1.73M","3.16%"
"02/10/2019","55.98","53.04","56.26","51.62","1.65M","5.44%"
"02/03/2019","53.09","55.60","56.05","52.15","850.58K","-4.43%"
"01/27/2019","55.55","53.91","55.92","51.62","596.59K","2.91%"
"01/20/2019","53.98","53.95","54.51","52.04","1.21M","-0.11%"
"01/13/2019","54.04","52.03","54.14","50.66","1.94M","4.10%"
"01/06/2019","51.91","48.61","53.61","48.44","1.04M","7.52%"
"12/30/2018","48.28","45.43","49.53","44.67","510.73K","5.88%"
"12/23/2018","45.60","45.74","47.31","42.67","318.11K","-0.63%"
"12/16/2018","45.89","51.52","52.15","45.40","2.53M","-10.84%"
"12/09/2018","51.47","52.21","53.50","50.60","1.16M","-2.54%"
"12/02/2018","52.81","51.93","54.77","50.31","728.20K","3.37%"
"11/25/2018","51.09","50.71","52.70","49.60","396.63K","0.99%"
"11/18/2018","50.59","57.03","57.58","50.33","995.69K","-10.74%"
"11/11/2018","56.68","60.85","61.44","54.90","2.40M","-6.10%"
"11/04/2018","60.36","63.02","64.24","59.45","981.94K","-4.61%"
"10/28/2018","63.28","67.66","68.09","62.77","574.43K","-6.60%"
"10/21/2018","67.75","69.60","69.84","65.94","926.82K","-2.21%"
"10/14/2018","69.28","71.66","72.53","68.53","1.97M","-2.67%"
"10/07/2018","71.18","74.40","75.16","70.37","1.07M","-4.15%"
"09/30/2018","74.26","73.07","76.72","72.77","833.48K","1.64%"
"09/23/2018","73.06","70.75","73.56","70.68","668.29K","3.82%"
"09/16/2018","70.37","68.70","71.38","68.29","2.27M","2.33%"
"09/09/2018","68.77","67.64","70.89","67.19","1.21M","1.81%"
"09/02/2018","67.55","69.49","70.98","66.67","495.30K","-2.62%"
"08/26/2018","69.37","68.20","70.07","67.91","330.64K","1.48%"
"08/19/2018","68.36","65.21","68.96","64.85","1.18M","4.83%"
"08/12/2018","65.21","67.07","67.72","63.89","1.21M","-2.58%"
"08/05/2018","66.94","67.55","68.86","65.49","828.97K","-0.61%"
"07/29/2018","67.35","67.86","69.19","65.82","512.94K","-0.56%"
"07/22/2018","67.73","66.59","68.64","66.26","468.17K","-0.78%"
"07/15/2018","68.26","69.52","69.78","66.29","2.35M","-2.42%"
"07/08/2018","69.95","71.59","72.98","68.09","1.25M","-2.26%"
"07/01/2018","71.57","72.00","72.85","69.93","800.31K","-1.23%"
"06/24/2018","72.46","67.55","72.80","66.77","1.03M","7.14%"
"06/17/2018","67.63","64.22","68.25","63.40","2.66M","4.29%"
"06/10/2018","64.85","65.50","67.03","64.09","1.26M","-1.25%"
"06/03/2018","65.67","65.65","66.16","64.15","926.06K","-0.15%"
"05/27/2018","65.77","67.29","68.52","65.48","795.17K","-2.97%"
"05/20/2018","67.78","71.50","72.90","67.33","1.75M","-5.03%"
"05/13/2018","71.37","70.50","72.37","70.24","1.84M","0.98%"
"05/06/2018","70.68","69.69","71.80","67.57","1.26M","1.58%"
"04/29/2018","69.58","68.04","69.82","66.77","914.85K","2.35%"
"04/22/2018","67.98","68.05","69.19","66.97","797.78K","-0.61%"
"04/15/2018","68.40","67.29","69.55","65.59","3.10M","1.59%"
"04/08/2018","67.33","62.03","67.63","62.01","1.59M","8.42%"
"04/01/2018","62.10","64.84","65.35","61.86","967.61K","-4.27%"
"03/25/2018","64.87","65.81","66.37","63.68","598.54K","-1.28%"
"03/18/2018","65.71","62.30","65.82","61.45","1.85M","5.29%"
"03/11/2018","62.41","61.95","62.60","60.18","1.59M","0.79%"
"03/04/2018","61.92","61.37","63.05","59.91","1.23M","1.36%"
"02/25/2018","61.09","63.47","64.07","59.99","764.46K","-3.66%"
"02/18/2018","63.41","61.51","63.54","60.61","1.15M","3.02%"
"02/11/2018","61.55","58.77","61.87","58.09","2.17M","4.34%"
"02/04/2018","58.99","64.69","64.97","57.90","1.64M","-9.34%"
"01/28/2018","65.07","66.01","66.23","63.54","1.03M","-1.36%"
"01/21/2018","65.97","63.50","66.39","63.05","1.38M","4.20%"
"01/14/2018","63.31","64.33","64.83","62.78","2.01M","-1.43%"
"01/07/2018","64.23","61.59","64.53","61.35","1.77M","4.59%"
"12/31/2017","61.41","60.21","62.05","60.14","863.39K","1.60%"
"12/24/2017","60.44","58.48","60.53","58.39","327.05K","3.25%"
"12/17/2017","58.54","57.40","58.57","56.88","1.22M","2.11%"
"12/10/2017","57.33","57.32","58.60","56.11","1.68M","-0.19%"
"12/03/2017","57.44","58.44","58.44","55.88","897.99K","-1.61%"
"11/26/2017","58.38","58.92","58.93","56.82","785.65K","-0.90%"
"11/19/2017","58.91","56.80","58.99","55.75","1.14M","3.88%"
"11/12/2017","56.71","57.16","57.37","55.00","2.13M","-0.47%"
"11/05/2017","56.98","56.20","58.14","55.88","1.24M","2.01%"
"10/29/2017","55.86","54.35","55.97","53.96","706.58K","3.27%"
"10/22/2017","54.09","52.29","54.36","51.73","851.49K","4.34%"
"10/15/2017","51.84","51.70","52.65","50.87","2.75M","0.21%"
"10/08/2017","51.73","49.65","52.03","49.48","1.27M","4.19%"
"10/01/2017","49.65","51.84","51.98","49.44","1.00M","-4.43%"
"09/24/2017","51.95","51.06","53.11","50.77","1.12M","1.80%"
"09/17/2017","51.03","50.39","51.13","49.68","2.34M","1.17%"
"09/10/2017","50.44","48.15","50.88","47.59","1.73M","4.95%"
"09/03/2017","48.06","48.00","49.84","47.72","1.21M","0.15%"
"08/27/2017","47.99","48.23","48.47","46.14","1.55M","-0.27%"
"08/20/2017","48.12","48.89","48.91","47.21","2.22M","-1.11%"
"08/13/2017","48.66","48.93","49.31","46.62","2.05M","-0.63%"
"08/06/2017","48.97","49.72","50.35","48.14","1.23M","-1.53%"
"07/30/2017","49.73","49.97","50.51","48.49","818.66K","-0.16%"
"07/23/2017","49.81","45.78","49.90","45.58","810.57K","8.40%"
"07/16/2017","45.95","46.89","47.74","45.73","2.67M","-1.71%"
"07/09/2017","46.75","44.50","46.93","43.83","1.55M","5.32%"
"07/02/2017","44.39","46.51","47.52","43.96","700.78K","-4.10%"
"06/25/2017","46.29","43.38","46.59","42.87","692.95K","6.98%"
"06/18/2017","43.27","44.89","45.28","42.27","1.98M","-3.78%"
"06/11/2017","44.97","46.01","46.94","44.45","1.72M","-2.39%"
"06/04/2017","46.07","47.94","48.62","45.48","1.34M","-3.76%"
"05/28/2017","47.87","50.23","50.53","46.98","568.05K","-4.36%"
"05/21/2017","50.05","50.93","52.22","48.44","1.16M","-1.22%"
"05/14/2017","50.67","48.19","50.90","48.08","2.26M","5.19%"
"05/07/2017","48.17","46.69","48.58","45.92","1.30M","3.37%"
"04/30/2017","46.60","49.47","49.61","44.13","960.12K","-6.09%"
"04/23/2017","49.62","50.02","50.56","48.55","738.80K","-0.70%"
"04/16/2017","49.97","53.34","53.63","49.54","2.25M","-6.77%"
"04/09/2017","53.60","52.68","54.14","52.67","1.13M","1.82%"
"04/02/2017","52.64","51.15","53.35","50.35","1.08M","3.07%"
"03/26/2017","51.07","48.69","51.29","47.63","795.21K","5.28%"
"03/19/2017","48.51","49.25","49.48","47.58","1.67M","-1.62%"
"03/12/2017","49.31","49.00","50.14","47.71","1.76M","0.57%"
"03/05/2017","49.03","53.65","54.29","48.85","1.35M","-8.83%"
"02/26/2017","53.78","54.34","54.93","53.00","730.63K","-0.99%"
"02/19/2017","54.32","53.90","55.25","53.67","989.84K","1.00%"
"02/12/2017","53.78","54.32","54.42","53.12","1.64M","-1.01%"
"02/05/2017","54.33","54.48","54.77","51.86","1.31M","-0.26%"
"01/29/2017","54.47","53.68","54.96","52.90","771.64K","1.34%"
"01/22/2017","53.75","53.99","54.68","52.98","647.88K","1.00%"
"01/15/2017","53.22","53.31","54.32","51.72","2.13M","0.13%"
"01/08/2017","53.15","54.60","54.73","51.59","1.53M","-3.13%"
"01/01/2017","54.87","55.05","56.18","53.08","741.09K","0.38%"
"12/25/2016","54.66","54.18","55.22","53.90","349.78K","1.37%"
"12/18/2016","53.92","53.25","54.64","52.57","1.18M","1.83%"
"12/11/2016","52.95","53.70","55.44","51.10","1.86M","0.97%"
"12/04/2016","52.44","52.57","53.38","50.76","1.44M","-0.40%"
"11/27/2016","52.65","46.66","52.69","45.74","1.23M","12.02%"
"11/20/2016","47.00","46.60","50.02","46.46","1.05M","1.38%"
"11/13/2016","46.36","43.90","47.12","42.95","2.36M","5.01%"
"11/06/2016","44.15","45.00","46.58","43.73","1.59M","-1.12%"
"10/30/2016","44.65","48.95","49.36","44.16","946.28K","-9.49%"
"10/23/2016","49.33","51.45","51.56","49.06","664.48K","-4.08%"
"10/16/2016","51.43","50.65","52.22","49.90","2.04M","1.34%"
"10/09/2016","50.75","50.10","52.16","49.71","1.95M","0.73%"
"10/02/2016","50.38","48.64","51.30","48.35","1.06M","3.20%"
"09/25/2016","48.82","45.18","48.90","44.76","1.02M","8.32%"
"09/18/2016","45.07","43.70","47.13","43.06","1.85M","3.32%"
"09/11/2016","43.62","46.21","47.07","43.35","1.80M","-6.11%"
"09/04/2016","46.46","44.76","48.38","44.47","1.00M","3.15%"
"08/28/2016","45.04","47.89","48.11","43.59","618.58K","-6.81%"
"08/21/2016","48.33","49.02","49.14","47.12","952.77K","-1.59%"
"08/14/2016","49.11","45.37","49.36","45.06","1.94M","8.70%"
"08/07/2016","45.18","42.70","45.47","41.85","1.20M","6.13%"
"07/31/2016","42.57","42.07","42.85","39.96","892.18K","0.57%"
"07/24/2016","42.33","44.88","45.05","41.30","518.39K","-5.68%"
"07/17/2016","44.88","46.83","46.84","44.42","1.50M","-3.79%"
"07/10/2016","46.65","45.77","47.69","45.20","1.51M","1.15%"
"07/03/2016","46.12","49.90","50.03","45.47","825.78K","-7.11%"
"06/26/2016","49.65","48.48","50.70","46.53","645.92K","2.77%"
"06/19/2016","48.31","49.09","51.11","47.39","1.31M","-0.51%"
"06/12/2016","48.56","49.52","49.91","46.40","1.50M","-2.33%"
"06/05/2016","49.72","49.29","52.28","49.20","1.07M","1.24%"
"05/29/2016","49.11","49.97","50.51","48.21","428.71K","-1.27%"
"05/22/2016","49.74","48.86","50.59","47.88","455.08K","2.75%"
"05/15/2016","48.41","46.96","49.56","46.84","2.27M","3.22%"
"05/08/2016","46.90","45.61","47.73","43.65","1.38M","3.49%"
"05/01/2016","45.32","46.64","46.84","43.92","933.97K","-2.93%"
"04/24/2016","46.69","44.54","47.54","43.43","614.49K","4.83%"
"04/17/2016","44.54","39.90","45.34","39.00","2.34M","6.78%"
"04/10/2016","41.71","41.02","43.69","40.53","1.69M","1.76%"
"04/03/2016","40.99","38.12","41.03","36.57","1.29M","7.30%"
"03/27/2016","38.20","40.65","41.28","38.07","591.31K","-5.98%"
"03/20/2016","40.63","41.07","42.88","39.50","909.85K","-1.24%"
"03/13/2016","41.14","39.85","42.49","37.71","1.96M","2.62%"
"03/06/2016","40.09","38.00","40.48","38.00","1.48M","6.20%"
"02/28/2016","37.75","34.55","38.15","34.22","816.14K","9.17%"
"02/21/2016","34.58","31.96","36.43","31.61","1.12M","8.91%"
"02/14/2016","31.75","31.30","34.21","30.66","1.88M","-0.50%"
"02/07/2016","31.91","32.79","33.28","28.74","1.95M","-2.48%"
"01/31/2016","32.72","35.46","35.81","31.14","1.12M","-7.26%"
"01/24/2016","35.28","33.55","36.28","30.70","860.92K","5.28%"
"01/17/2016","33.51","30.17","33.63","27.56","1.74M","10.27%"
"01/10/2016","30.39","34.11","34.31","30.06","1.72M","-11.45%"
"01/03/2016","34.32","38.75","39.53","33.34","965.14K","-10.09%"
"12/27/2015","38.17","39.09","39.09","37.28","230.99K","-2.40%"
"12/20/2015","39.11","35.90","39.24","35.35","529.67K","8.46%"
"12/13/2015","36.06","36.99","39.13","35.68","1.50M","-3.19%"
"12/06/2015","37.25","41.61","41.61","36.82","1.34M","-10.00%"
"11/29/2015","41.39","43.05","43.92","41.03","544.33K","-3.88%"
"11/22/2015","43.06","42.79","44.82","41.84","318.90K","2.77%"
"11/15/2015","41.90","42.10","43.24","41.21","1.85M","-0.24%"
"11/08/2015","42.00","45.62","46.29","41.55","1.18M","-7.63%"
"11/01/2015","45.47","47.26","49.23","45.30","597.45K","-4.21%"
"10/25/2015","47.47","45.62","47.90","43.52","455.66K","4.40%"
"10/18/2015","45.47","47.72","47.91","45.01","1.06M","-4.72%"
"10/11/2015","47.72","50.01","50.62","45.79","1.22M","-4.83%"
"10/04/2015","50.14","46.00","51.42","45.67","1.07M","9.00%"
"09/27/2015","46.00","45.94","47.54","44.45","601.50K","-0.41%"
"09/20/2015","46.19","45.31","47.75","44.31","1.02M","2.60%"
"09/13/2015","45.02","45.32","48.07","44.09","1.10M","-0.31%"
"09/06/2015","45.16","46.28","47.00","43.99","727.34K","-3.15%"
"08/30/2015","46.63","45.69","50.04","43.89","739.55K","1.41%"
"08/23/2015","45.98","41.01","46.67","38.51","543.26K","11.63%"
"08/16/2015","41.19","42.84","43.38","40.50","1.39M","-4.45%"
"08/09/2015","43.11","44.27","46.01","42.16","1.27M","-2.82%"
"08/02/2015","44.36","47.28","47.32","44.20","645.58K","-6.67%"
"07/26/2015","47.53","48.30","49.91","47.10","301.49K","-2.22%"
"07/19/2015","48.61","51.11","51.58","48.20","716.54K","-5.08%"
"07/12/2015","51.21","52.68","53.94","50.50","927.82K","-3.78%"
"07/05/2015","53.22","56.78","57.14","50.95","769.01K","-7.12%"
"06/28/2015","57.30","59.00","60.05","56.85","337.18K","-4.45%"
"06/21/2015","59.97","59.75","61.87","59.09","482.27K","0.00%"
"06/14/2015","59.97","60.33","61.81","59.19","961.02K","-0.71%"
"06/07/2015","60.40","59.25","62.22","58.32","727.60K","1.41%"
"05/31/2015","59.56","60.63","61.83","57.21","522.39K","-1.72%"
"05/24/2015","60.60","60.34","60.97","56.88","362.26K","0.75%"
"05/17/2015","60.15","60.62","61.71","57.93","822.08K","-0.64%"
"05/10/2015","60.54","60.25","62.75","59.32","950.51K","0.31%"
"05/03/2015","60.35","60.47","63.62","59.09","708.26K","-0.02%"
"04/26/2015","60.36","59.00","60.95","57.67","435.91K","2.48%"
"04/19/2015","58.90","57.75","59.87","56.11","1.05M","2.76%"
"04/12/2015","57.32","53.56","58.82","53.31","1.26M","7.12%"
"04/05/2015","53.51","50.90","55.37","50.90","986.70K","5.75%"
"03/29/2015","50.60","50.27","52.03","48.79","500.23K","0.20%"
"03/22/2015","50.50","48.19","53.96","47.19","501.79K","8.44%"
"03/15/2015","46.57","47.11","47.48","44.03","1.64M","-1.04%"
"03/08/2015","47.06","51.40","52.44","46.97","1.05M","-8.57%"
"03/01/2015","51.47","51.71","54.00","50.80","782.09K","-1.28%"
"02/22/2015","52.14","51.92","53.04","50.03","638.37K","2.62%"
"02/15/2015","50.81","53.50","54.92","49.82","1.48M","-5.33%"
"02/08/2015","53.67","53.05","54.71","48.93","1.19M","2.23%"
"02/01/2015","52.50","48.62","55.05","47.46","731.63K","7.16%"
"01/25/2015","48.99","46.01","49.10","44.37","384.33K","5.76%"
"01/18/2015","46.32","49.20","49.75","46.00","675.94K","-5.72%"
"01/11/2015","49.13","48.88","51.73","44.78","1.61M","0.29%"
"01/04/2015","48.99","53.05","53.12","47.35","831.61K","-7.76%"
"12/28/2014","53.11","55.45","56.12","52.46","220.82K","-3.66%"
"12/21/2014","55.13","58.19","58.88","54.91","161.92K","-3.50%"
"12/14/2014","57.13","56.90","59.27","53.94","1.67M","-1.64%"
"12/07/2014","58.08","65.60","65.61","57.63","657.11K","-11.95%"
"11/30/2014","65.96","66.23","69.63","63.88","340.00K","-0.45%"
"11/23/2014","66.26","76.70","77.05","65.92","198.11K","-13.49%"
"11/16/2014","76.59","75.90","77.81","73.92","967.84K","1.02%"
"11/09/2014","75.82","78.45","79.80","73.22","743.82K","-3.54%"
"11/02/2014","78.60","80.58","80.87","75.95","544.76K","-2.26%"
"10/26/2014","80.42","80.88","82.57","79.20","324.48K","-0.47%"
"10/19/2014","80.80","82.39","83.26","79.66","819.86K","-1.54%"
"10/12/2014","82.06","84.74","85.13","79.10","1.14M","-3.58%"
"10/05/2014","85.11","88.66","89.72","82.80","777.68K","-4.01%"
"09/28/2014","88.67","92.51","93.82","87.22","761.82K","-4.26%"
"09/21/2014","92.62","91.69","92.90","90.04","650.14K","1.06%"
"09/14/2014","91.65","91.24","94.12","89.76","830.37K","0.31%"
"09/07/2014","91.37","92.92","93.03","89.56","684.24K","-1.45%"
"08/31/2014","92.71","94.90","94.94","91.89","341.03K","-2.43%"
"08/24/2014","95.02","92.84","95.07","92.60","318.89K","1.99%"
"08/17/2014","93.17","95.14","95.14","91.96","774.30K","-2.26%"
"08/10/2014","95.32","96.66","97.67","93.85","769.03K","-1.57%"
"08/03/2014","96.84","96.70","97.75","95.88","526.54K","-0.10%"
"07/27/2014","96.94","100.62","100.89","96.17","475.03K","-3.90%"
"07/20/2014","100.87","101.86","103.45","99.83","842.15K","-1.06%"
"07/13/2014","101.95","100.05","102.98","98.68","991.43K","1.65%"
"07/06/2014","100.30","103.30","103.64","99.91","561.55K","-3.10%"
"06/29/2014","103.51","105.02","105.40","103.14","335.53K","-1.46%"
"06/22/2014","105.04","106.57","106.64","104.31","293.54K","-1.68%"
"06/15/2014","106.83","106.18","106.93","105.11","1.10M","0.62%"
"06/08/2014","106.17","102.05","106.84","101.89","649.08K","4.15%"
"06/01/2014","101.94","102.10","102.94","100.93","344.42K","-0.04%"
"05/25/2014","101.98","103.33","103.58","101.63","264.60K","-1.40%"
"05/18/2014","103.43","101.68","103.57","101.52","661.87K","1.82%"
"05/11/2014","101.58","99.37","101.98","99.26","699.23K","2.29%"
"05/04/2014","99.31","99.15","100.42","98.18","553.42K","0.27%"
"04/27/2014","99.04","99.93","101.41","98.10","370.95K","-0.99%"
"04/20/2014","100.03","103.70","103.83","99.91","679.12K","-3.23%"
"04/13/2014","103.37","102.21","104.10","102.17","682.58K","0.73%"
"04/06/2014","102.62","100.27","103.23","99.29","744.11K","2.15%"
"03/30/2014","100.46","100.99","101.17","98.15","399.14K","-0.43%"
"03/23/2014","100.89","98.70","101.39","98.14","361.66K","2.27%"
"03/16/2014","98.65","98.81","99.45","97.00","936.57K","0.09%"
"03/09/2014","98.56","102.20","102.25","97.19","790.23K","-3.36%"
"03/02/2014","101.99","102.18","104.48","99.70","477.44K","0.10%"
"02/23/2014","101.89","101.51","102.68","100.40","298.83K","0.51%"
"02/16/2014","101.37","100.12","103.29","100.05","683.90K","1.24%"
"02/09/2014","100.13","99.59","100.79","98.59","717.97K","0.79%"
"02/02/2014","99.35","96.62","99.65","95.46","532.73K","2.73%"
"01/26/2014","96.71","96.41","97.99","94.92","388.05K","0.51%"
"01/19/2014","96.22","94.25","97.27","93.65","515.16K","1.72%"
"01/12/2014","94.59","93.08","95.07","91.65","764.92K","1.76%"
"01/05/2014","92.95","94.46","94.74","91.47","527.92K","-1.26%"
"12/29/2013","94.14","100.21","100.55","94.05","278.89K","-6.23%"
"12/22/2013","100.39","99.15","100.79","98.55","111.81K","1.14%"
"12/15/2013","99.26","96.81","99.49","96.52","686.76K","2.40%"
"12/08/2013","96.93","97.96","98.92","96.56","554.15K","-0.99%"
"12/01/2013","97.90","93.00","98.31","92.84","499.99K","5.26%"
"11/24/2013","93.01","94.55","94.99","92.10","179.79K","-2.25%"
"11/17/2013","95.15","94.43","95.85","93.22","737.86K","0.70%"
"11/10/2013","94.49","94.78","95.71","93.17","640.70K","-0.48%"
"11/03/2013","94.95","94.99","95.74","93.43","418.99K","-0.01%"
"10/27/2013","94.96","97.95","98.96","94.69","369.13K","-3.05%"
"10/20/2013","97.95","101.04","101.23","96.14","866.77K","-3.13%"
"10/13/2013","101.11","101.51","103.15","100.21","890.22K","-0.93%"
"10/06/2013","102.06","103.15","103.88","100.61","807.74K","-1.42%"
"09/29/2013","103.53","102.05","103.96","100.64","593.47K","1.16%"
"09/22/2013","102.34","103.83","104.07","101.57","538.30K","-2.30%"
"09/15/2013","104.75","107.16","108.15","104.40","1.14M","-2.59%"
"09/08/2013","107.54","109.17","109.42","105.57","552.76K","-1.81%"
"09/01/2013","109.52","106.65","109.68","103.74","339.57K","2.28%"
"08/25/2013","107.08","106.12","111.34","105.01","326.46K","1.29%"
"08/18/2013","105.72","107.57","107.60","103.07","799.70K","-1.46%"
"08/11/2013","107.29","105.09","107.95","104.28","736.99K","2.03%"
"08/04/2013","105.16","106.12","106.93","101.82","561.58K","-1.02%"
"07/28/2013","106.24","103.99","107.85","102.10","434.29K","2.14%"
"07/21/2013","104.01","108.07","108.60","103.07","567.36K","-3.58%"
"07/14/2013","107.87","105.67","108.93","104.27","924.27K","2.20%"
"07/07/2013","105.55","104.34","106.53","102.00","771.97K","2.43%"
"06/30/2013","103.05","96.40","103.49","95.98","589.35K","6.85%"
"06/23/2013","96.44","93.84","97.63","92.60","565.75K","3.00%"
"06/16/2013","93.63","98.17","99.21","93.06","1.02M","-4.53%"
"06/09/2013","98.07","96.36","98.48","94.29","551.83K","1.87%"
"06/02/2013","96.27","91.98","96.60","91.50","439.31K","4.40%"
"05/26/2013","92.21","94.07","96.10","91.80","328.05K","-2.26%"
"05/19/2013","94.34","96.25","97.35","92.40","713.22K","-2.03%"
"05/12/2013","96.29","96.04","96.74","92.40","720.23K","0.00%"
"05/05/2013","96.29","95.77","97.38","93.62","591.79K","0.49%"
"04/28/2013","95.82","93.03","96.23","90.32","410.60K","2.76%"
"04/21/2013","93.25","88.20","94.11","87.69","462.16K","5.64%"
"04/14/2013","88.27","91.36","91.36","85.90","997.18K","-3.65%"
"04/07/2013","91.61","93.12","95.12","90.62","540.26K","-1.51%"
"03/31/2013","93.01","97.52","98.06","92.22","538.77K","-4.60%"
"03/24/2013","97.49","93.98","97.60","93.95","295.25K","3.76%"
"03/17/2013","93.96","93.62","94.47","92.14","813.49K","0.15%"
"03/10/2013","93.82","92.32","94.20","91.36","544.49K","1.50%"
"03/03/2013","92.43","91.26","92.50","89.78","434.41K","1.42%"
"02/24/2013","91.14","93.70","94.90","90.50","287.15K","-2.60%"
"02/17/2013","93.57","96.39","97.49","92.88","697.76K","-2.95%"
"02/10/2013","96.41","96.31","98.65","95.50","704.33K","0.15%"
"02/03/2013","96.27","98.21","98.21","95.50","470.03K","-2.01%"
"01/27/2013","98.24","96.47","98.66","95.94","347.95K","1.98%"
"01/20/2013","96.33","95.71","97.28","95.44","559.03K","0.30%"
"01/13/2013","96.04","94.23","96.50","93.40","773.51K","2.18%"
"01/06/2013","93.99","93.70","95.16","92.86","461.64K","0.51%"
"12/30/2012","93.51","90.91","94.31","90.49","245.65K","2.42%"
"12/23/2012","91.30","89.23","91.97","88.78","125.29K","2.32%"
"12/16/2012","89.23","87.26","91.06","87.00","674.27K","2.27%"
"12/09/2012","87.25","86.67","88.20","85.76","592.97K","0.87%"
"12/02/2012","86.50","89.45","90.90","86.28","314.48K","-3.34%"
"11/25/2012","89.49","88.82","89.59","86.01","251.89K","0.66%"
"11/18/2012","88.90","87.93","90.31","86.73","199.14K","2.28%"
"11/11/2012","86.92","86.61","87.39","85.10","1.07M","0.43%"
"11/04/2012","86.55","85.22","89.67","84.53","470.33K","1.35%"
"10/28/2012","85.40","86.88","87.85","85.18","328.17K","-1.61%"
"10/21/2012","86.80","90.05","91.27","85.52","519.90K","-4.02%"
"10/14/2012","90.44","91.99","93.49","90.19","952.03K","-1.99%"
"10/07/2012","92.28","90.26","94.02","88.61","598.28K","2.23%"
"09/30/2012","90.27","92.56","93.68","88.09","474.75K","-2.47%"
"09/23/2012","92.56","93.31","93.51","89.30","364.40K","-0.70%"
"09/16/2012","93.21","99.50","99.81","90.96","1.03M","-6.16%"
"09/09/2012","99.33","96.66","100.73","95.69","508.82K","2.67%"
"09/02/2012","96.75","96.68","98.00","94.41","297.15K","-0.01%"
"08/26/2012","96.76","96.90","97.98","94.28","235.40K","0.32%"
"08/19/2012","96.45","96.64","98.60","95.32","553.86K","0.13%"
"08/12/2012","96.32","93.60","96.58","92.34","554.13K","3.40%"
"08/05/2012","93.15","91.62","94.97","90.89","455.38K","1.65%"
"07/29/2012","91.64","90.41","91.98","87.20","368.27K","1.35%"
"07/22/2012","90.42","91.65","91.91","87.14","223.15K","-1.54%"
"07/15/2012","91.83","87.52","93.25","86.81","951.96K","4.95%"
"07/08/2012","87.50","84.58","88.00","84.05","433.19K","3.15%"
"07/01/2012","84.83","85.18","89.33","82.50","337.24K","-0.63%"
"06/24/2012","85.37","80.47","85.74","77.70","324.61K","6.53%"
"06/17/2012","80.14","85.50","85.89","77.92","999.24K","-4.97%"
"06/10/2012","84.33","85.70","86.91","81.39","529.94K","-0.07%"
"06/03/2012","84.39","83.38","87.32","81.53","388.71K","0.99%"
"05/27/2012","83.56","91.23","92.52","82.63","237.00K","-8.33%"
"05/20/2012","91.15","91.71","93.34","89.59","554.55K","-0.71%"
"05/13/2012","91.80","96.22","96.22","91.25","641.72K","-4.86%"
"05/06/2012","96.49","98.52","98.60","95.53","491.90K","-2.42%"
"04/29/2012","98.88","105.28","106.77","97.90","394.21K","-6.11%"
"04/22/2012","105.32","104.14","105.37","102.26","237.42K","1.39%"
"04/15/2012","103.88","103.23","105.50","102.13","965.01K","0.54%"
"04/08/2012","103.32","102.99","104.69","101.22","575.73K","-0.49%"
"04/01/2012","103.83","103.78","105.99","101.63","330.67K","0.28%"
"03/25/2012","103.54","107.45","108.22","102.65","330.29K","-3.55%"
"03/18/2012","107.35","107.78","108.75","105.01","771.97K","-0.21%"
"03/11/2012","107.58","107.88","107.94","104.29","607.12K","-0.27%"
"03/04/2012","107.87","107.14","108.65","104.88","379.04K","0.65%"
"02/26/2012","107.17","110.26","110.95","105.30","397.02K","-2.73%"
"02/19/2012","110.18","104.75","110.34","104.61","557.52K","6.35%"
"02/12/2012","103.60","99.54","104.50","99.46","827.27K","4.61%"
"02/05/2012","99.03","98.15","100.55","96.33","646.03K","0.81%"
"01/29/2012","98.23","100.30","101.59","95.81","433.29K","-1.68%"
"01/22/2012","99.91","98.48","101.70","97.71","286.51K","1.61%"
"01/15/2012","98.33","99.05","102.24","98.02","969.10K","-0.56%"
"01/08/2012","98.88","102.14","103.60","97.93","647.56K","-2.85%"
"01/01/2012","101.78","99.75","103.90","99.75","364.15K","2.81%"
"12/25/2011","99.00","99.94","101.88","98.45","178.89K","-0.83%"
"12/18/2011","99.83","93.77","100.38","92.77","568.37K","6.49%"
"12/11/2011","93.75","99.76","101.45","92.70","651.83K","-5.87%"
"12/04/2011","99.60","101.30","102.56","97.57","420.47K","-1.47%"
"11/27/2011","101.09","97.50","101.81","97.29","340.95K","4.31%"
"11/20/2011","96.91","97.32","98.82","95.16","251.89K","-0.78%"
"11/13/2011","97.67","99.06","103.37","96.70","1.41M","-1.23%"
"11/06/2011","98.89","94.20","99.30","93.14","633.27K","4.99%"
"10/30/2011","94.19","93.42","94.75","89.05","358.70K","1.02%"
"10/23/2011","93.24","87.42","94.22","87.14","648.58K","6.60%"
"10/16/2011","87.47","87.57","89.69","84.22","1.24M","0.54%"
"10/09/2011","87.00","83.05","87.62","83.03","830.71K","4.61%"
"10/02/2011","83.17","78.72","84.16","75.15","802.46K","4.84%"
"09/25/2011","79.33","79.80","85.00","77.38","520.27K","-0.99%"
"09/18/2011","80.12","87.80","88.24","77.81","907.28K","-9.14%"
"09/11/2011","88.18","86.99","90.60","85.17","797.71K","0.88%"
"09/04/2011","87.41","86.80","90.69","83.47","394.18K","0.77%"
"08/28/2011","86.74","85.85","90.18","85.45","396.64K","1.21%"
"08/21/2011","85.70","82.27","86.93","81.18","629.45K","3.99%"
"08/14/2011","82.41","85.90","89.19","79.38","1.07M","-3.83%"
"08/07/2011","85.69","86.00","87.71","76.15","727.53K","-1.84%"
"07/31/2011","87.30","96.65","98.95","83.35","526.45K","-9.19%"
"07/24/2011","96.13","100.23","101.00","95.38","304.52K","-4.06%"
"07/17/2011","100.20","97.83","100.52","95.05","902.33K","2.66%"
"07/10/2011","97.60","96.45","99.61","94.02","717.20K","0.93%"
"07/03/2011","96.70","95.49","99.87","94.91","386.14K","1.25%"
"06/26/2011","95.51","91.73","96.36","90.17","363.54K","4.14%"
"06/19/2011","91.71","93.17","96.21","90.27","915.03K","-1.81%"
"06/12/2011","93.40","99.41","100.39","92.23","854.48K","-6.46%"
"06/05/2011","99.85","100.93","102.95","98.35","650.40K","-0.94%"
"05/29/2011","100.80","101.21","103.90","98.73","386.83K","-0.36%"
"05/22/2011","101.16","100.03","102.37","96.79","318.24K","1.06%"
"05/15/2011","100.10","99.96","101.42","95.54","1.41M","-0.02%"
"05/08/2011","100.12","98.53","105.16","95.78","892.48K","2.40%"
"05/01/2011","97.77","114.28","115.27","95.18","520.99K","-14.56%"
"04/24/2011","114.43","112.40","114.66","111.25","298.63K","1.49%"
"04/17/2011","112.75","110.05","112.95","106.01","730.60K","2.30%"
"04/10/2011","110.22","113.74","114.05","105.98","1.06M","-2.78%"
"04/03/2011","113.37","108.79","113.79","108.08","605.00K","4.49%"
"03/27/2011","108.50","106.03","109.00","103.22","424.35K","2.42%"
"03/20/2011","105.94","103.02","107.14","102.10","801.90K","4.02%"
"03/13/2011","101.85","101.64","104.54","97.02","957.61K","-0.49%"
"03/06/2011","102.35","105.71","108.25","100.15","881.98K","-3.09%"
"02/27/2011","105.61","100.17","106.24","98.07","615.17K","6.29%"
"02/20/2011","99.36","90.04","104.95","89.77","1.06M","10.76%"
"02/13/2011","89.71","89.10","90.96","87.09","1.38M","0.65%"
"02/06/2011","89.13","92.01","92.42","88.70","1.10M","-2.96%"
"01/30/2011","91.85","91.99","94.89","90.89","768.67K","0.19%"
"01/23/2011","91.68","90.80","91.97","87.83","904.04K","1.16%"
"01/16/2011","90.63","92.55","93.02","88.90","1.14M","-2.10%"
"01/09/2011","92.57","90.11","93.46","89.28","1.21M","3.75%"
"01/02/2011","89.22","92.12","93.44","88.45","862.69K","-3.25%"
"12/26/2010","92.22","91.85","92.85","89.88","223.64K","0.07%"
"12/19/2010","92.16","88.78","92.29","87.73","434.32K","4.02%"
"12/12/2010","88.60","88.42","90.00","87.43","890.95K","0.33%"
"12/05/2010","88.31","89.82","91.17","87.62","742.06K","-1.43%"
"11/28/2010","89.59","84.61","89.87","84.09","444.80K","6.21%"
"11/21/2010","84.35","82.72","85.08","80.89","213.87K","2.89%"
"11/14/2010","81.98","85.22","86.22","80.65","1.42M","-3.94%"
"11/07/2010","85.34","88.04","89.10","85.00","821.74K","-2.45%"
"10/31/2010","87.48","82.31","88.04","82.14","492.45K","6.49%"
"10/24/2010","82.15","82.76","83.96","81.25","359.29K","-0.36%"
"10/17/2010","82.45","82.20","83.95","79.84","1.31M","0.63%"
"10/10/2010","81.93","83.65","84.80","81.41","1.02M","-1.70%"
"10/03/2010","83.35","82.60","85.08","80.98","1.07M","1.03%"
"09/26/2010","82.50","77.57","82.68","76.51","884.05K","6.25%"
"09/19/2010","77.65","74.82","78.00","74.58","1.11M","3.64%"
"09/12/2010","74.92","77.40","78.86","74.10","1.13M","-3.17%"
"09/05/2010","77.37","75.60","77.57","74.24","841.03K","1.84%"
"08/29/2010","75.97","76.49","76.72","73.08","797.29K","-0.31%"
"08/22/2010","76.21","74.47","76.57","71.49","588.75K","3.24%"
"08/15/2010","73.82","75.88","77.03","73.44","1.16M","-2.57%"
"08/08/2010","75.77","81.49","82.22","75.41","773.21K","-6.66%"
"08/01/2010","81.18","79.47","83.40","79.28","462.77K","2.25%"
"07/25/2010","79.39","79.22","80.07","76.33","329.40K","0.06%"
"07/18/2010","79.34","76.07","79.94","75.85","802.66K","3.88%"
"07/11/2010","76.38","76.63","78.55","74.70","869.70K","-0.33%"
"07/04/2010","76.63","72.59","77.03","71.47","435.29K","5.55%"
"06/27/2010","72.60","79.61","79.97","72.08","411.95K","-8.60%"
"06/20/2010","79.43","78.69","79.94","76.00","803.06K","1.50%"
"06/13/2010","78.26","75.59","79.17","75.40","873.40K","3.88%"
"06/06/2010","75.34","71.83","77.35","70.93","928.04K","3.49%"
"05/30/2010","72.80","75.16","76.81","72.09","534.31K","-3.14%"
"05/23/2010","75.16","72.13","76.79","68.59","493.11K","4.87%"
"05/16/2010","71.67","75.63","75.94","68.85","1.86M","-4.98%"
"05/09/2010","75.43","79.34","82.08","75.06","1.29M","-3.92%"
"05/02/2010","78.51","88.51","89.77","77.74","988.10K","-11.15%"
"04/25/2010","88.36","87.10","88.57","83.80","841.24K","1.52%"
"04/18/2010","87.04","84.47","87.09","82.05","1.12M","2.80%"
"04/11/2010","84.67","85.83","87.26","83.75","1.63M","-1.12%"
"04/04/2010","85.63","85.62","87.59","84.86","864.29K","0.34%"
"03/28/2010","85.34","80.84","85.84","80.71","379.68K","6.05%"
"03/21/2010","80.47","80.86","82.54","78.86","684.74K","-0.62%"
"03/14/2010","80.97","81.51","83.36","79.41","1.02M","-0.70%"
"03/07/2010","81.54","82.27","83.47","80.57","740.03K","-0.46%"
"02/28/2010","81.92","80.38","82.47","78.44","437.55K","2.39%"
"02/21/2010","80.01","80.30","80.80","77.44","579.71K","-0.06%"
"02/14/2010","80.06","74.36","80.34","74.06","847.50K","7.46%"
"02/07/2010","74.50","72.24","76.13","71.10","825.45K","4.17%"
"01/31/2010","71.52","73.30","78.54","69.80","634.23K","-2.49%"
"01/24/2010","73.35","74.60","75.82","72.89","383.35K","-2.10%"
"01/17/2010","74.92","78.21","79.47","74.37","821.71K","-4.40%"
"01/10/2010","78.37","83.37","84.45","78.09","899.24K","-5.92%"
"01/03/2010","83.30","80.34","84.08","80.34","564.32K","4.10%"
"12/27/2009","80.02","78.60","80.71","78.43","191.44K","1.73%"
"12/20/2009","78.66","74.39","78.84","73.17","355.84K","5.70%"
"12/13/2009","74.42","71.70","75.65","70.83","1.05M","3.43%"
"12/06/2009","71.95","77.46","77.84","71.30","1.09M","-6.86%"
"11/29/2009","77.25","77.62","80.40","76.49","549.91K","-0.14%"
"11/22/2009","77.36","78.56","80.77","73.73","440.63K","-0.14%"
"11/15/2009","77.47","77.20","80.88","76.76","1.06M","0.57%"
"11/08/2009","77.03","78.47","81.12","76.27","692.12K","-1.36%"
"11/01/2009","78.09","77.50","81.67","77.22","432.45K","0.58%"
"10/25/2009","77.64","80.40","82.30","77.47","464.06K","-4.37%"
"10/18/2009","81.19","79.12","82.58","78.32","820.47K","2.75%"
"10/11/2009","79.02","72.84","79.21","72.50","1.04M","9.37%"
"10/04/2009","72.25","70.10","72.92","68.32","874.27K","2.73%"
"09/27/2009","70.33","66.57","71.75","65.85","537.74K","5.89%"
"09/20/2009","66.42","72.21","72.65","65.55","897.47K","-8.37%"
"09/13/2009","72.49","69.81","73.58","68.51","709.12K","3.97%"
"09/06/2009","69.72","68.55","73.21","68.08","636.50K","1.71%"
"08/30/2009","68.55","73.45","74.13","67.66","342.35K","-6.68%"
"08/23/2009","73.46","74.69","75.55","70.62","335.81K","-1.82%"
"08/16/2009","74.82","69.70","75.50","67.42","1.07M","7.50%"
"08/09/2009","69.60","72.54","73.92","69.25","833.44K","-4.37%"
"08/02/2009","72.78","71.15","74.51","70.78","607.95K","2.29%"
"07/26/2009","71.15","69.50","71.43","64.69","432.00K","1.95%"
"07/19/2009","69.79","64.37","69.89","64.20","776.58K","8.07%"
"07/12/2009","64.58","60.80","65.00","59.30","802.30K","6.08%"
"07/05/2009","60.88","67.55","68.18","59.82","566.72K","-10.13%"
"06/28/2009","67.74","70.14","74.25","67.29","304.14K","-3.26%"
"06/21/2009","70.02","70.20","72.14","66.67","478.98K","0.00%"
"06/14/2009","70.02","72.89","73.42","69.40","774.49K","-3.75%"
"06/07/2009","72.75","68.80","73.90","67.72","688.50K","4.90%"
"05/31/2009","69.35","67.23","71.12","65.92","476.59K","3.40%"
"05/24/2009","67.07","62.64","67.39","60.30","273.80K","7.52%"
"05/17/2009","62.38","57.22","62.83","56.76","656.91K","9.44%"
"05/10/2009","57.00","59.74","60.86","56.74","799.04K","-4.59%"
"05/03/2009","59.74","54.26","59.85","54.05","708.64K","9.53%"
"04/26/2009","54.54","52.60","54.81","49.55","412.56K","3.02%"
"04/19/2009","52.94","52.26","53.09","46.72","799.11K","0.90%"
"04/12/2009","52.47","54.45","54.81","50.25","862.54K","-4.06%"
"04/05/2009","54.69","54.50","55.70","50.14","642.80K","0.02%"
"03/29/2009","54.68","53.88","55.85","49.05","503.51K","1.22%"
"03/22/2009","54.02","54.28","56.10","53.20","400.88K","3.74%"
"03/15/2009","52.07","46.38","52.98","44.72","997.70K","10.72%"
"03/08/2009","47.03","47.72","49.60","43.74","937.54K","-1.45%"
"03/01/2009","47.72","46.39","48.28","41.75","584.01K","1.77%"
"02/22/2009","46.89","41.89","47.54","40.63","553.32K","17.14%"
"02/15/2009","40.03","42.08","42.72","37.12","952.23K","-4.62%"
"02/08/2009","41.97","45.83","47.99","41.34","1.07M","-9.06%"
"02/01/2009","46.15","46.25","47.10","43.58","759.71K","0.04%"
"01/25/2009","46.13","48.97","50.88","44.55","468.73K","-6.26%"
"01/18/2009","49.21","42.43","49.43","39.11","654.53K","15.60%"
"01/11/2009","42.57","45.66","46.20","40.91","1.21M","-7.60%"
"01/04/2009","46.07","50.63","54.74","44.41","755.22K","-8.25%"
"12/28/2008","50.21","42.00","50.45","40.57","225.87K","23.88%"
"12/21/2008","40.53","45.21","46.11","38.00","146.08K","-4.32%"
"12/14/2008","42.36","49.29","52.95","40.90","955.32K","-13.76%"
"12/07/2008","49.12","43.69","51.77","42.93","743.14K","14.42%"
"11/30/2008","42.93","55.67","55.77","42.51","408.88K","-23.09%"
"11/23/2008","55.82","51.83","57.24","49.87","201.03K","9.54%"
"11/16/2008","50.96","57.10","59.52","48.52","852.17K","-11.53%"
"11/09/2008","57.60","63.20","66.39","55.54","551.16K","-6.90%"
"11/02/2008","61.87","68.00","72.37","60.74","368.68K","-9.65%"
"10/26/2008","68.48","65.24","71.03","61.70","295.69K","6.04%"
"10/19/2008","64.58","72.70","76.24","63.12","669.52K","-10.47%"
"10/12/2008","72.13","78.04","85.28","68.92","894.22K","-7.51%"
"10/05/2008","77.99","91.72","91.72","77.28","978.20K","-16.15%"
"09/28/2008","93.01","105.98","105.98","90.55","587.03K","-12.40%"
"09/21/2008","106.18","102.48","110.45","101.98","778.10K","3.34%"
"09/14/2008","102.75","101.30","103.25","90.42","1.11M","1.48%"
"09/07/2008","101.25","108.37","110.60","100.08","723.55K","-5.10%"
"08/31/2008","106.69","117.00","118.31","105.65","344.99K","-7.91%"
"08/24/2008","115.85","114.81","120.72","112.95","333.54K","0.62%"
"08/17/2008","115.14","114.01","122.43","111.66","787.79K","1.05%"
"08/10/2008","113.94","115.40","117.40","111.50","687.30K","-1.27%"
"08/03/2008","115.40","125.97","126.68","114.85","665.22K","-8.05%"
"07/27/2008","125.50","124.03","128.95","120.90","349.61K","1.36%"
"07/20/2008","123.82","129.50","132.90","123.06","722.94K","-4.36%"
"07/13/2008","129.47","145.35","147.31","128.95","788.88K","-11.11%"
"07/06/2008","145.66","144.81","147.90","135.90","590.74K","-0.14%"
"06/29/2008","145.86","141.29","146.43","139.79","275.53K","3.63%"
"06/22/2008","140.75","135.20","143.54","132.51","362.37K","3.98%"
"06/15/2008","135.36","135.08","140.42","131.75","1.16M","-0.08%"
"06/08/2008","135.47","138.69","138.85","131.33","736.62K","-2.33%"
"06/01/2008","138.70","127.66","139.22","122.05","647.41K","8.78%"
"05/25/2008","127.50","132.24","133.60","124.87","408.17K","-3.58%"
"05/18/2008","132.24","126.15","135.49","125.10","961.15K","4.92%"
"05/11/2008","126.04","125.77","127.42","120.65","904.54K","0.03%"
"05/04/2008","126.00","115.64","126.25","115.00","717.61K","8.82%"
"04/27/2008","115.79","118.40","118.65","109.59","418.28K","-1.48%"
"04/20/2008","117.53","116.54","118.98","113.47","761.40K","1.18%"
"04/13/2008","116.16","109.54","116.46","109.08","761.41K","5.88%"
"04/06/2008","109.71","105.65","111.56","105.59","801.43K","3.73%"
"03/30/2008","105.76","104.30","106.14","99.10","591.43K","0.81%"
"03/23/2008","104.91","100.87","107.10","98.84","594.26K","3.81%"
"03/16/2008","101.06","108.74","110.35","98.02","1.08M","-7.06%"
"03/09/2008","108.74","104.00","109.71","103.16","901.18K","4.28%"
"03/02/2008","104.28","101.30","105.67","98.33","717.20K","2.82%"
"02/24/2008","101.42","98.58","102.65","97.47","406.59K","3.05%"
"02/17/2008","98.42","95.46","100.86","95.12","721.51K","3.11%"
"02/10/2008","95.45","91.64","96.59","90.93","738.54K","4.01%"
"02/03/2008","91.77","88.77","91.95","86.34","554.96K","3.11%"
"01/27/2008","89.00","90.38","92.37","88.46","433.11K","-1.62%"
"01/20/2008","90.47","89.92","91.10","85.42","611.41K","0.61%"
"01/13/2008","89.92","92.24","94.05","88.94","869.37K","-2.43%"
"01/06/2008","92.16","97.75","98.22","91.81","702.09K","-5.66%"
"12/30/2007","97.69","96.00","99.77","94.55","290.16K","2.02%"
"12/23/2007","95.76","93.23","97.54","92.15","180.41K","2.97%"
"12/16/2007","93.00","91.55","93.52","89.15","602.13K","1.58%"
"12/09/2007","91.55","87.81","94.72","87.05","822.67K","3.86%"
"12/02/2007","88.15","88.33","90.39","85.60","554.82K","-0.12%"
"11/25/2007","88.26","97.24","98.06","87.96","515.69K","-9.13%"
"11/18/2007","97.13","93.06","98.12","92.20","265.32K","3.51%"
"11/11/2007","93.84","95.14","95.14","89.13","1.07M","-1.53%"
"11/04/2007","95.30","94.75","97.63","92.80","716.46K","0.52%"
"10/28/2007","94.81","90.65","94.89","88.20","562.39K","4.49%"
"10/21/2007","90.74","86.75","90.94","83.91","708.65K","4.36%"
"10/14/2007","86.95","82.76","88.49","82.53","1.13M","5.09%"
"10/07/2007","82.74","80.33","83.01","77.71","832.90K","2.63%"
"09/30/2007","80.62","80.38","80.94","77.95","637.20K","0.17%"
"09/23/2007","80.48","80.30","82.45","77.33","703.84K","-0.20%"
"09/16/2007","80.64","78.00","81.92","77.30","1.00M","3.27%"
"09/09/2007","78.09","75.37","79.10","74.50","788.93K","3.27%"
"09/02/2007","75.62","73.13","76.18","72.81","504.56K","3.14%"
"08/26/2007","73.32","70.56","73.59","69.76","343.06K","3.72%"
"08/19/2007","70.69","71.51","71.55","68.46","619.64K","-1.57%"
"08/12/2007","71.82","71.38","73.99","69.97","758.53K","0.80%"
"08/05/2007","71.25","74.85","74.87","69.89","689.41K","-5.47%"
"07/29/2007","75.37","76.48","78.15","74.93","487.18K","-1.23%"
"07/22/2007","76.31","75.28","76.67","72.89","410.42K","0.69%"
"07/15/2007","75.79","74.12","76.39","73.66","931.57K","2.24%"
"07/08/2007","74.13","73.20","74.18","71.99","663.19K","1.34%"
"07/01/2007","73.15","70.89","73.19","70.00","389.15K","3.06%"
"06/24/2007","70.98","69.50","71.32","67.56","508.29K","1.69%"
"06/17/2007","69.80","68.71","70.55","67.65","757.34K","1.84%"
"06/10/2007","68.54","65.40","68.80","65.25","678.97K","4.72%"
"06/03/2007","65.45","66.04","68.29","65.29","670.90K","-1.01%"
"05/27/2007","66.12","66.56","66.56","63.50","424.08K","-0.60%"
"05/20/2007","66.52","65.94","67.41","65.28","642.28K","0.82%"
"05/13/2007","65.98","64.16","66.44","63.20","691.94K","2.90%"
"05/06/2007","64.12","63.77","64.32","62.36","741.51K","0.41%"
"04/29/2007","63.86","67.91","68.09","63.49","499.78K","-5.87%"
"04/22/2007","67.84","65.50","67.95","65.20","365.90K","5.82%"
"04/15/2007","64.11","66.10","66.75","62.63","983.78K","-3.35%"
"04/08/2007","66.33","66.45","67.05","64.15","969.05K","-0.06%"
"04/01/2007","66.37","67.50","68.20","65.29","448.02K","-1.63%"
"03/25/2007","67.47","63.55","69.10","63.55","647.05K","6.22%"
"03/18/2007","63.52","59.60","63.96","59.15","699.80K","6.61%"
"03/11/2007","59.58","61.70","61.79","58.80","820.15K","-3.55%"
"03/04/2007","61.77","62.35","63.75","60.76","640.27K","-1.59%"
"02/25/2007","62.77","62.28","63.70","61.11","421.84K","0.67%"
"02/18/2007","62.35","59.60","63.02","57.78","521.58K","4.16%"
"02/11/2007","59.86","60.60","60.60","57.11","814.98K","-1.27%"
"02/04/2007","60.63","59.91","61.37","57.84","748.52K","1.51%"
"01/28/2007","59.73","56.45","59.93","54.60","441.00K","6.19%"
"01/21/2007","56.25","53.48","56.70","52.07","542.30K","5.34%"
"01/14/2007","53.40","53.87","54.49","51.03","804.81K","-0.87%"
"01/07/2007","53.87","57.56","58.85","52.45","941.09K","-6.13%"
"12/31/2006","57.39","62.28","62.83","55.94","371.98K","-8.00%"
"12/24/2006","62.38","63.77","64.24","61.30","163.84K","-1.81%"
"12/17/2006","63.53","63.62","65.04","62.28","492.81K","-0.87%"
"12/10/2006","64.09","63.20","64.15","61.50","681.05K","1.59%"
"12/03/2006","63.09","65.40","65.40","62.98","654.36K","-2.95%"
"11/26/2006","65.01","61.15","65.30","60.71","360.45K","7.03%"
"11/19/2006","60.74","60.46","61.75","59.50","151.41K","3.00%"
"11/12/2006","58.97","61.48","61.86","57.80","819.03K","-4.18%"
"11/05/2006","61.54","60.88","63.21","60.29","495.62K","1.08%"
"10/29/2006","60.88","62.78","62.80","59.00","353.49K","-2.64%"
"10/22/2006","62.53","60.85","63.39","59.80","252.77K","5.39%"
"10/15/2006","59.33","60.62","62.23","59.03","758.11K","-1.61%"
"10/08/2006","60.30","61.38","62.75","59.02","574.76K","-1.42%"
"10/01/2006","61.17","64.12","64.49","59.13","404.97K","-4.65%"
"09/24/2006","64.15","61.41","64.95","60.58","321.10K","4.24%"
"09/17/2006","61.54","64.02","65.20","60.61","528.51K","-3.87%"
"09/10/2006","64.02","67.00","67.40","62.80","563.51K","-4.99%"
"09/03/2006","67.38","70.40","70.77","67.20","245.18K","-4.25%"
"08/27/2006","70.37","72.90","73.07","69.80","194.44K","-4.18%"
"08/20/2006","73.44","72.18","74.50","72.13","282.80K","1.86%"
"08/13/2006","72.10","75.50","75.54","71.00","353.63K","-5.12%"
"08/06/2006","75.99","76.18","78.80","75.25","504.46K","-0.22%"
"07/30/2006","76.16","74.39","77.70","73.91","277.23K","2.38%"
"07/23/2006","74.39","75.47","76.68","74.00","199.56K","-1.27%"
"07/16/2006","75.35","78.60","79.43","73.51","462.34K","-4.27%"
"07/09/2006","78.71","75.13","79.86","74.05","445.95K","4.63%"
"07/02/2006","75.23","74.77","76.90","74.39","175.12K","0.56%"
"06/25/2006","74.81","71.73","75.10","71.45","230.49K","4.24%"
"06/18/2006","71.77","70.14","72.20","68.75","320.95K","2.24%"
"06/11/2006","70.20","72.31","72.97","68.82","412.23K","-2.92%"
"06/04/2006","72.31","73.30","74.50","69.80","370.08K","-0.99%"
"05/28/2006","73.03","72.20","73.55","70.97","240.69K","1.21%"
"05/21/2006","72.16","69.25","72.80","68.17","284.48K","4.14%"
"05/14/2006","69.29","73.09","73.60","68.65","495.31K","-5.44%"
"05/07/2006","73.28","71.76","75.10","70.00","473.81K","1.92%"
"04/30/2006","71.90","73.23","76.40","71.00","314.92K","-2.18%"
"04/23/2006","73.50","76.00","76.18","72.08","368.42K","-3.38%"
"04/16/2006","76.07","71.00","76.20","70.80","552.80K","7.41%"
"04/09/2006","70.82","69.10","71.00","68.62","439.33K","3.18%"
"04/02/2006","68.64","67.78","69.20","67.05","386.60K","1.05%"
"03/26/2006","67.93","65.25","68.50","64.50","336.87K","4.19%"
"03/19/2006","65.20","64.20","65.50","61.25","436.26K","1.56%"
"03/12/2006","64.20","61.85","65.55","61.47","468.95K","3.82%"
"03/05/2006","61.84","65.40","65.58","61.00","454.31K","-5.39%"
"02/26/2006","65.36","63.70","65.50","61.79","339.61K","1.90%"
"02/19/2006","64.14","62.51","64.50","61.20","309.55K","4.65%"
"02/12/2006","61.29","63.25","63.25","59.20","530.49K","-2.50%"
"02/05/2006","62.86","66.30","67.41","62.30","501.70K","-5.07%"
"01/29/2006","66.22","68.89","69.78","64.80","325.14K","-3.36%"
"01/22/2006","68.52","68.93","69.65","65.98","280.45K","0.06%"
"01/15/2006","68.48","65.25","69.15","65.25","512.98K","6.04%"
"01/08/2006","64.58","64.82","65.45","63.25","530.18K","-0.60%"
"01/01/2006","64.97","61.91","65.20","61.68","277.67K","4.96%"
"12/25/2005","61.90","58.77","62.00","57.95","127.58K","4.92%"
"12/18/2005","59.00","58.90","59.82","57.75","270.38K","-0.08%"
"12/11/2005","59.05","60.60","62.85","58.90","446.97K","-2.20%"
"12/04/2005","60.38","60.20","62.42","59.80","355.10K","0.28%"
"11/27/2005","60.21","58.65","60.30","56.59","263.45K","1.62%"
"11/20/2005","59.25","58.06","59.70","57.80","73.66K","3.57%"
"11/13/2005","57.21","58.65","59.10","56.35","483.44K","-2.17%"
"11/06/2005","58.48","61.13","61.30","57.85","441.01K","-4.91%"
"10/30/2005","61.50","61.51","62.88","59.50","273.24K","-0.05%"
"10/23/2005","61.53","60.40","63.35","59.68","209.84K","1.17%"
"10/16/2005","60.82","62.40","63.68","59.30","540.53K","-1.89%"
"10/09/2005","61.99","61.44","63.90","60.15","523.51K","0.60%"
"10/02/2005","61.62","66.39","66.55","60.60","407.20K","-6.96%"
"09/25/2005","66.23","64.00","67.40","63.11","398.36K","2.65%"
"09/18/2005","64.52","63.37","68.19","63.37","447.08K","1.86%"
"09/11/2005","63.34","65.05","66.23","63.25","452.86K","-2.40%"
"09/04/2005","64.90","67.17","68.25","63.60","255.09K","-4.78%"
"08/28/2005","68.16","70.00","71.15","66.80","312.23K","1.90%"
"08/21/2005","66.89","65.77","68.72","65.30","230.61K","1.67%"
"08/14/2005","65.79","67.10","67.70","62.75","524.74K","-2.35%"
"08/07/2005","67.37","63.25","67.75","63.20","484.97K","6.46%"
"07/31/2005","63.28","61.60","63.40","61.58","281.50K","2.64%"
"07/24/2005","61.65","59.24","62.00","58.49","219.86K","4.03%"
"07/17/2005","59.26","59.04","59.98","57.20","416.81K","0.22%"
"07/10/2005","59.13","60.40","62.10","58.11","481.09K","-2.49%"
"07/03/2005","60.64","60.10","62.89","58.20","298.18K","1.39%"
"06/26/2005","59.81","60.80","61.70","57.00","282.57K","-1.12%"
"06/19/2005","60.49","59.00","60.60","58.50","328.13K","2.21%"
"06/12/2005","59.18","54.68","59.30","54.25","449.98K","8.23%"
"06/05/2005","54.68","56.01","56.48","53.48","416.86K","-2.32%"
"05/29/2005","55.98","52.20","56.10","51.50","245.12K","6.91%"
"05/22/2005","52.36","49.50","52.55","49.05","229.36K","7.63%"
"05/15/2005","48.65","50.30","50.99","48.20","526.31K","-3.24%"
"05/08/2005","50.28","52.83","54.25","49.35","463.64K","-4.54%"
"05/01/2005","52.67","51.00","53.65","50.40","338.79K","2.37%"
"04/24/2005","51.45","56.39","57.20","51.10","269.61K","-9.00%"
"04/17/2005","56.54","52.00","57.00","51.01","459.84K","8.61%"
"04/10/2005","52.06","54.29","55.47","51.60","528.64K","-4.74%"
"04/03/2005","54.65","58.32","59.32","54.15","424.00K","-6.24%"
"03/27/2005","58.29","55.37","58.70","53.40","292.90K","4.74%"
"03/20/2005","55.65","57.15","58.15","54.25","286.60K","-2.78%"
"03/13/2005","57.24","55.00","58.16","54.26","473.75K","3.85%"
"03/06/2005","55.12","53.98","56.30","53.21","469.18K","1.55%"
"02/27/2005","54.28","52.25","55.60","51.30","328.81K","4.49%"
"02/20/2005","51.95","49.24","52.50","49.17","265.89K","6.00%"
"02/13/2005","49.01","47.93","49.25","47.25","391.14K","2.53%"
"02/06/2005","47.80","46.89","48.10","45.27","405.37K","1.81%"
"01/30/2005","46.95","47.00","48.60","46.25","233.28K","-1.03%"
"01/23/2005","47.44","48.82","50.00","47.10","231.25K","-2.39%"
"01/16/2005","48.60","48.60","49.48","46.71","394.67K","0.14%"
"01/09/2005","48.53","45.53","48.75","45.18","416.49K","6.31%"
"01/02/2005","45.65","43.22","46.35","41.60","264.13K","4.63%"
"12/26/2004","43.63","43.79","43.93","41.25","104.33K","-1.42%"
"12/19/2004","44.26","46.50","46.50","43.70","145.27K","-4.96%"
"12/12/2004","46.57","41.36","46.65","40.87","408.99K","12.60%"
"12/05/2004","41.36","42.86","43.80","40.80","348.49K","-3.25%"
"11/28/2004","42.75","49.57","50.55","42.25","242.39K","-13.55%"
"11/21/2004","49.45","48.79","50.40","48.00","103.85K","1.15%"
"11/14/2004","48.89","47.29","48.95","45.45","562.60K","3.12%"
"11/07/2004","47.41","49.62","49.65","47.15","376.76K","-4.45%"
"10/31/2004","49.62","51.68","52.35","48.40","306.24K","-3.84%"
"10/24/2004","51.60","54.20","55.30","50.33","220.81K","-5.65%"
"10/17/2004","54.69","53.97","55.00","51.95","435.68K","1.33%"
"10/10/2004","53.97","52.94","54.15","51.13","512.78K","1.95%"
"10/03/2004","52.94","49.50","53.00","49.05","360.86K","6.54%"
"09/26/2004","49.69","48.05","49.78","47.90","280.85K","3.35%"
"09/19/2004","48.08","45.55","48.25","45.20","394.97K","5.46%"
"09/12/2004","45.59","43.05","45.80","42.75","454.88K","6.42%"
"09/05/2004","42.84","43.60","45.05","42.40","248.21K","-2.55%"
"08/29/2004","43.96","43.10","45.30","41.20","199.91K","2.28%"
"08/22/2004","42.98","46.25","46.81","42.25","173.60K","-8.01%"
"08/15/2004","46.72","46.03","48.37","45.27","562.44K","1.50%"
"08/08/2004","46.03","43.30","46.15","42.90","404.10K","5.77%"
"08/01/2004","43.52","43.02","44.12","42.09","281.48K","1.09%"
"07/25/2004","43.05","41.26","43.10","40.60","168.01K","4.31%"
"07/18/2004","41.27","41.25","41.75","39.76","294.42K","-0.07%"
"07/11/2004","41.30","40.06","41.90","39.10","461.16K","2.89%"
"07/04/2004","40.14","39.19","40.60","38.85","256.04K","4.37%"
"06/27/2004","38.46","37.53","39.15","35.62","231.43K","2.29%"
"06/20/2004","37.60","38.89","39.28","37.20","287.30K","-3.59%"
"06/13/2004","39.00","38.55","39.19","37.11","451.43K","0.91%"
"06/06/2004","38.65","38.34","39.23","36.55","318.58K","0.31%"
"05/30/2004","38.53","40.00","42.30","38.20","241.21K","-2.97%"
"05/23/2004","39.71","39.56","41.33","38.80","189.80K","0.38%"
"05/16/2004","39.56","41.20","41.75","39.30","468.91K","-4.21%"
"05/09/2004","41.30","39.66","41.45","38.08","403.16K","4.00%"
"05/02/2004","39.71","37.17","39.80","37.05","267.82K","7.09%"
"04/25/2004","37.08","36.31","37.90","36.15","190.26K","2.97%"
"04/18/2004","36.01","36.76","37.40","35.15","292.08K","-2.65%"
"04/11/2004","36.99","36.65","37.42","35.75","493.72K","1.09%"
"04/04/2004","36.59","33.52","36.65","33.36","260.77K","8.03%"
"03/28/2004","33.87","34.83","36.05","32.75","257.04K","-2.87%"
"03/21/2004","34.87","37.62","37.62","34.05","257.44K","-7.31%"
"03/14/2004","37.62","35.63","37.80","35.40","432.18K","5.76%"
"03/07/2004","35.57","36.46","36.72","34.75","378.23K","-2.39%"
"02/29/2004","36.44","35.25","36.50","34.70","280.31K","3.41%"
"02/22/2004","35.24","33.54","35.32","33.35","216.61K","2.86%"
"02/15/2004","34.26","34.08","35.00","33.46","390.24K","0.47%"
"02/08/2004","34.10","31.50","34.18","31.50","404.03K","7.44%"
"02/01/2004","31.74","32.00","33.55","31.25","365.84K","-1.12%"
"01/25/2004","32.10","34.00","34.05","31.75","240.19K","-5.67%"
"01/18/2004","34.03","34.00","35.00","33.25","260.74K","0.09%"
"01/11/2004","34.00","34.10","34.70","32.35","570.44K","-0.09%"
"01/04/2004","34.03","32.06","34.35","32.06","314.57K","5.42%"
"12/28/2003","32.28","32.19","32.80","31.70","64.16K","-0.43%"
"12/21/2003","32.42","32.56","32.56","30.90","73.86K","-1.82%"
"12/14/2003","33.02","32.15","33.97","31.70","462.23K","0.21%"
"12/07/2003","32.95","30.66","33.15","30.58","381.66K","7.54%"
"11/30/2003","30.64","30.12","31.44","29.54","210.64K","1.39%"
"11/23/2003","30.22","30.96","30.96","29.15","106.03K","-3.17%"
"11/16/2003","31.21","31.83","32.85","30.90","515.08K","-1.79%"
"11/09/2003","31.78","30.75","31.95","30.38","374.36K","3.99%"
"11/02/2003","30.56","28.92","30.80","28.35","260.41K","5.93%"
"10/26/2003","28.85","29.81","30.02","28.10","178.75K","-3.41%"
"10/19/2003","29.87","30.70","30.74","29.15","281.53K","-2.70%"
"10/12/2003","30.70","32.05","32.55","30.00","476.02K","-4.03%"
"10/05/2003","31.99","30.15","32.50","29.50","411.67K","6.28%"
"09/28/2003","30.10","28.00","30.14","28.00","239.83K","7.81%"
"09/21/2003","27.92","27.07","28.42","26.68","247.80K","3.14%"
"09/14/2003","27.07","28.40","28.55","26.72","399.22K","-4.68%"
"09/07/2003","28.40","28.90","29.59","27.95","272.91K","-1.59%"
"08/31/2003","28.86","31.09","31.30","28.40","176.03K","-7.82%"
"08/24/2003","31.31","31.55","32.02","30.85","118.30K","-0.92%"
"08/17/2003","31.60","31.30","32.05","30.37","294.99K","1.97%"
"08/10/2003","30.99","31.97","32.18","30.05","340.36K","-3.37%"
"08/03/2003","32.07","32.15","32.63","31.20","262.51K","0.38%"
"07/27/2003","31.95","29.58","32.00","29.28","147.16K","7.11%"
"07/20/2003","29.83","31.05","31.17","28.85","286.01K","-3.87%"
"07/13/2003","31.03","31.00","31.33","30.18","389.33K","-0.06%"
"07/06/2003","31.05","29.63","31.37","29.20","283.65K","3.43%"
"06/29/2003","30.02","28.90","30.55","28.74","140.37K","3.88%"
"06/22/2003","28.90","29.00","29.40","28.20","166.95K","-1.97%"
"06/15/2003","29.48","29.18","29.80","28.10","414.81K","0.51%"
"06/08/2003","29.33","30.27","31.15","28.75","354.71K","-3.07%"
"06/01/2003","30.26","28.60","30.35","28.58","239.80K","6.21%"
"05/25/2003","28.49","28.33","28.70","27.36","123.25K","0.85%"
"05/18/2003","28.25","28.74","29.05","27.50","263.30K","-1.74%"
"05/11/2003","28.75","27.28","29.10","27.00","336.44K","5.20%"
"05/04/2003","27.33","25.31","27.45","25.28","249.13K","7.30%"
"04/27/2003","25.47","25.92","26.26","25.00","165.09K","-2.41%"
"04/20/2003","26.10","28.30","29.05","25.45","259.93K","-8.55%"
"04/13/2003","28.54","27.06","28.70","26.53","243.67K","5.27%"
"04/06/2003","27.11","26.41","27.80","25.45","295.33K","0.93%"
"03/30/2003","26.86","28.70","29.50","26.26","203.88K","-5.29%"
"03/23/2003","28.36","26.58","29.20","26.30","265.26K","8.33%"
"03/16/2003","26.18","33.52","35.17","25.75","492.28K","-21.52%"
"03/09/2003","33.36","36.35","36.87","32.50","411.95K","-8.23%"
"03/02/2003","36.35","34.75","36.45","33.80","254.74K","4.36%"
"02/23/2003","34.83","34.25","36.25","34.25","315.60K","1.46%"
"02/16/2003","34.33","34.99","35.85","33.46","280.69K","-2.91%"
"02/09/2003","35.36","34.17","35.43","33.55","397.73K","3.24%"
"02/02/2003","34.25","32.69","34.36","32.00","258.69K","4.61%"
"01/26/2003","32.74","32.16","33.10","31.30","219.26K","1.80%"
"01/19/2003","32.16","33.15","33.49","31.15","233.61K","-2.43%"
"01/12/2003","32.96","30.80","33.15","30.47","461.39K","6.46%"
"01/05/2003","30.96","32.25","32.50","29.25","366.98K","-3.91%"
"12/29/2002","32.22","31.97","32.80","29.40","176.59K","1.32%"
"12/22/2002","31.80","30.05","31.88","30.00","104.57K","7.32%"
"12/15/2002","29.63","29.90","31.15","28.98","492.55K","4.15%"
"12/08/2002","28.45","26.91","28.65","26.75","323.64K","5.80%"
"12/01/2002","26.89","26.70","27.50","26.50","220.85K","0.67%"
"11/24/2002","26.71","26.80","27.03","25.98","77.98K","0.23%"
"11/17/2002","26.65","25.75","26.70","24.73","347.92K","7.85%"
"11/10/2002","24.71","25.02","25.73","24.14","372.18K","-1.63%"
"11/03/2002","25.12","26.65","26.85","24.75","283.62K","-5.95%"
"10/27/2002","26.71","26.88","27.22","26.25","171.69K","0.23%"
"10/20/2002","26.65","29.54","29.54","26.56","239.01K","-9.97%"
"10/13/2002","29.60","29.44","30.15","29.00","385.17K","0.58%"
"10/06/2002","29.43","29.69","29.99","28.60","316.35K","-0.30%"
"09/29/2002","29.52","30.54","30.85","29.30","261.01K","-2.51%"
"09/22/2002","30.28","29.85","31.02","29.80","241.81K","1.47%"
"09/15/2002","29.84","29.98","30.15","28.49","427.63K","-0.50%"
"09/08/2002","29.99","29.44","30.25","28.80","297.32K","1.35%"
"09/01/2002","29.59","28.77","30.15","27.66","171.15K","2.74%"
"08/25/2002","28.80","28.23","29.25","28.08","180.14K","2.09%"
"08/18/2002","28.21","28.46","29.05","27.77","288.82K","-1.05%"
"08/11/2002","28.51","26.48","28.74","26.01","333.46K","8.12%"
"08/04/2002","26.37","26.35","26.79","25.78","216.32K","0.11%"
"07/28/2002","26.34","26.11","27.15","25.62","189.82K","0.88%"
"07/21/2002","26.11","27.75","27.75","25.62","272.77K","-6.21%"
"07/14/2002","27.84","27.62","28.18","26.91","387.09K","1.49%"
"07/07/2002","27.43","26.67","27.48","25.69","273.42K","2.81%"
"06/30/2002","26.68","27.00","27.08","26.30","105.18K","-0.11%"
"06/23/2002","26.71","25.75","26.80","25.65","206.82K","3.85%"
"06/16/2002","25.72","26.29","26.72","25.20","416.68K","-1.61%"
"06/09/2002","26.14","24.72","26.25","24.10","311.05K","4.48%"
"06/02/2002","25.02","25.42","25.62","24.40","192.72K","-1.46%"
"05/26/2002","25.39","25.73","25.94","24.60","145.80K","-2.27%"
"05/19/2002","25.98","27.18","27.44","25.68","338.02K","-4.31%"
"05/12/2002","27.15","26.98","28.58","26.40","430.39K","-0.29%"
"05/05/2002","27.23","26.03","27.44","25.32","366.30K","3.65%"
"04/28/2002","26.27","26.46","27.25","25.30","221.92K","-1.90%"
"04/21/2002","26.78","26.40","26.95","25.70","210.47K","1.29%"
"04/14/2002","26.44","24.48","26.75","23.85","452.36K","11.61%"
"04/07/2002","23.69","26.76","27.35","23.55","370.96K","-10.30%"
"03/31/2002","26.41","26.50","28.45","25.20","301.43K","0.15%"
"03/24/2002","26.37","25.41","26.45","24.92","175.95K","3.45%"
"03/17/2002","25.49","24.73","25.95","24.48","329.75K","2.58%"
"03/10/2002","24.85","24.14","25.05","24.01","311.77K","2.94%"
"03/03/2002","24.14","22.63","24.95","22.38","261.12K","6.63%"
"02/24/2002","22.64","21.08","23.00","20.60","209.99K","6.79%"
"02/17/2002","21.20","21.40","21.45","20.35","203.17K","-2.48%"
"02/10/2002","21.74","20.68","22.10","20.33","301.65K","5.43%"
"02/03/2002","20.62","20.59","20.65","19.65","189.54K","-0.05%"
"01/27/2002","20.63","20.32","20.80","19.00","148.02K","1.98%"
"01/20/2002","20.23","18.70","20.41","18.67","185.60K","8.41%"
"01/13/2002","18.66","20.32","20.35","18.50","367.18K","-8.17%"
"01/06/2002","20.32","21.90","22.30","20.20","254.30K","-7.26%"
"12/30/2001","21.91","20.70","21.99","19.95","124.91K","6.05%"
"12/23/2001","20.66","20.12","21.60","19.90","71.24K","4.24%"
"12/16/2001","19.82","19.40","20.40","19.10","172.31K","1.69%"
"12/09/2001","19.49","18.95","19.55","18.20","254.70K","0.21%"
"12/02/2001","19.45","19.65","21.05","18.30","168.70K","-0.97%"
"11/25/2001","19.64","19.74","19.95","18.65","143.87K","2.34%"
"11/18/2001","19.19","18.36","19.71","17.12","129.42K","4.46%"
"11/11/2001","18.37","22.70","22.85","17.57","411.41K","-18.21%"
"11/04/2001","22.46","20.55","22.60","19.77","141.45K","10.10%"
"10/28/2001","20.40","22.64","22.68","19.95","144.05K","-8.11%"
"10/21/2001","22.20","22.37","22.75","21.63","145.52K","-0.27%"
"10/14/2001","22.26","22.90","23.08","21.25","294.77K","-2.45%"
"10/07/2001","22.82","23.19","24.20","22.38","230.60K","0.04%"
"09/30/2001","22.81","23.65","23.80","22.10","186.67K","-3.67%"
"09/23/2001","23.68","26.00","26.05","20.75","235.70K","-9.82%"
"09/16/2001","26.26","28.92","29.50","26.10","410.67K","-11.70%"
"09/09/2001","29.74","28.03","30.03","27.79","51.15K","5.50%"
"09/02/2001","28.19","27.30","28.26","26.93","169.45K","3.07%"
"08/26/2001","27.35","27.08","27.58","26.57","147.56K","1.64%"
"08/19/2001","26.91","25.61","27.15","25.39","263.12K","5.08%"
"08/12/2001","25.61","27.33","27.55","25.55","316.25K","-6.26%"
"08/05/2001","27.32","26.95","27.70","26.77","206.78K","1.19%"
"07/29/2001","27.00","26.40","27.24","25.75","158.46K","2.23%"
"07/22/2001","26.41","25.85","26.60","25.60","144.29K","1.81%"
"07/15/2001","25.94","26.12","26.18","24.64","409.01K","-0.77%"
"07/08/2001","26.14","27.58","27.69","25.65","271.80K","-5.60%"
"07/01/2001","27.69","25.40","27.75","25.35","106.58K","6.13%"
"06/24/2001","26.09","26.93","27.40","25.24","164.44K","-2.65%"
"06/17/2001","26.80","28.62","28.69","26.02","349.83K","-6.36%"
"06/10/2001","28.62","28.52","29.77","28.52","296.06K","-0.03%"
"06/03/2001","28.63","28.48","28.90","27.71","249.12K","1.63%"
"05/27/2001","28.17","28.54","29.16","27.80","184.29K","-1.40%"
"05/20/2001","28.57","30.35","30.70","28.35","252.69K","-5.83%"
"05/13/2001","30.34","29.05","30.39","28.55","322.81K","4.33%"
"05/06/2001","29.08","29.04","29.43","28.03","281.38K","0.41%"
"04/29/2001","28.96","28.80","29.42","28.00","201.43K","0.98%"
"04/22/2001","28.68","27.95","28.90","27.25","176.67K","3.99%"
"04/15/2001","27.58","28.54","29.40","27.50","360.95K","-3.53%"
"04/08/2001","28.59","27.26","29.10","27.26","217.25K","4.42%"
"04/01/2001","27.38","26.72","27.95","25.76","226.81K","3.05%"
"03/25/2001","26.57","27.47","28.13","26.00","228.78K","-2.96%"
"03/18/2001","27.38","27.09","27.55","26.07","255.08K","1.71%"
"03/11/2001","26.92","28.15","28.38","26.35","303.38K","-4.81%"
"03/04/2001","28.28","28.05","29.35","28.05","221.70K","1.33%"
"02/25/2001","27.91","28.75","28.75","27.22","119.31K","-2.99%"
"02/18/2001","28.77","29.26","29.49","27.95","112.60K","-0.79%"
"02/11/2001","29.00","30.75","30.80","28.50","319.24K","-5.66%"
"02/04/2001","30.74","30.23","31.59","29.60","246.20K","1.15%"
"01/28/2001","30.39","28.84","30.50","27.62","162.05K","5.63%"
"01/21/2001","28.77","30.25","30.57","28.00","201.01K","-4.70%"
"01/14/2001","30.19","29.00","30.30","27.18","287.04K","4.97%"
"01/07/2001","28.76","27.24","28.82","26.10","263.37K","5.89%"
"12/31/2000","27.16","26.49","28.08","26.07","120.18K","4.54%"
"12/24/2000","25.98","25.95","26.41","25.14","63.27K","0.74%"
"12/17/2000","25.79","27.92","28.80","25.25","189.79K","-7.43%"
"12/10/2000","27.86","28.30","29.40","26.80","247.27K","-0.82%"
"12/03/2000","28.09","31.55","31.90","27.60","193.90K","-9.88%"
"11/26/2000","31.17","34.28","34.59","31.00","170.06K","-9.39%"
"11/19/2000","34.40","34.30","34.75","33.77","56.51K","-1.80%"
"11/12/2000","35.03","33.20","35.15","33.00","378.07K","5.96%"
"11/05/2000","33.06","31.45","33.20","31.10","211.08K","4.79%"
"10/29/2000","31.55","31.75","32.43","31.08","159.06K","-0.41%"
"10/22/2000","31.68","32.66","33.16","31.62","127.62K","-3.85%"
"10/15/2000","32.95","33.65","34.09","31.80","401.10K","-3.46%"
"10/08/2000","34.13","31.00","36.90","31.00","363.90K","10.42%"
"10/01/2000","30.91","30.56","32.02","30.23","214.24K","0.65%"
"09/24/2000","30.71","31.95","32.10","30.00","213.11K","-4.83%"
"09/17/2000","32.27","34.72","36.10","32.10","389.40K","-7.06%"
"09/10/2000","34.72","32.55","34.95","31.90","397.54K","5.95%"
"09/03/2000","32.77","32.48","35.00","32.48","151.09K","1.08%"
"08/27/2000","32.42","31.25","32.80","31.12","125.57K","3.81%"
"08/20/2000","31.23","31.51","32.45","30.75","221.54K","-1.05%"
"08/13/2000","31.56","30.50","31.95","30.23","241.29K","3.20%"
"08/06/2000","30.58","29.40","31.35","28.46","234.86K","4.16%"
"07/30/2000","29.36","27.85","29.40","27.15","162.14K","5.20%"
"07/23/2000","27.91","28.25","28.42","27.60","107.83K","-1.59%"
"07/16/2000","28.36","30.23","31.02","28.25","331.24K","-6.80%"
"07/09/2000","30.43","28.90","30.55","28.46","297.91K","4.28%"
"07/02/2000","29.18","30.01","30.35","28.60","114.12K","-6.26%"
"06/25/2000","31.13","30.50","31.55","30.00","136.47K","0.91%"
"06/18/2000","30.85","29.80","31.20","29.05","280.69K","2.76%"
"06/11/2000","30.02","29.40","31.50","29.10","349.06K","2.60%"
"06/04/2000","29.26","29.40","29.84","28.30","191.34K","-0.61%"
"05/28/2000","29.44","29.30","29.83","28.35","136.76K","1.27%"
"05/21/2000","29.07","29.75","29.94","27.98","170.72K","-2.61%"
"05/14/2000","29.85","29.25","30.43","28.95","276.31K","1.57%"
"05/07/2000","29.39","27.08","29.75","26.85","270.71K","9.18%"
"04/30/2000","26.92","25.48","27.05","25.30","139.21K","5.65%"
"04/23/2000","25.48","25.31","25.80","24.50","122.89K","0.55%"
"04/16/2000","25.34","23.98","26.00","23.73","252.13K","4.15%"
"04/09/2000","24.33","24.00","25.27","23.10","288.37K","-0.57%"
"04/02/2000","24.47","26.40","26.60","24.30","159.23K","-7.24%"
"03/26/2000","26.38","27.10","27.25","25.60","147.71K","-3.30%"
"03/19/2000","27.28","28.86","28.90","26.56","263.52K","-6.19%"
"03/12/2000","29.08","29.84","30.20","28.50","281.30K","-2.55%"
"03/05/2000","29.84","29.68","32.57","28.90","255.34K","-0.60%"
"02/27/2000","30.02","28.35","30.45","28.25","181.19K","4.93%"
"02/20/2000","28.61","28.30","29.00","27.65","177.21K","0.56%"
"02/13/2000","28.45","28.60","29.55","28.18","327.53K","0.18%"
"02/06/2000","28.40","27.70","28.70","26.80","248.46K","2.08%"
"01/30/2000","27.82","26.18","27.90","25.88","178.80K","5.78%"
"01/23/2000","26.30","27.10","27.72","26.10","133.51K","-3.27%"
"01/16/2000","27.19","27.14","28.37","26.75","312.32K","0.18%"
"01/09/2000","27.14","23.76","27.25","23.57","259.02K","14.23%"
"01/02/2000","23.76","24.29","25.00","23.70","152.75K","-4.15%"